Store ID ,Store_Area,Items_Available,Daily_Customer_Count,Store_Sales,Customer_Bin,Sales_per_Customer,Items_Density,Log_Sales
1,1659,1961,530,66490.0,"(9.999, 560.0]",125.45283018867924,1.1820373719107897,11.10482187913902
2,1461,1752,210,39820.0,"(9.999, 560.0]",189.61904761904762,1.1991786447638604,10.5921496903114
3,1340,1609,720,54010.0,"(710.0, 850.0]",75.01388888888889,1.2007462686567165,10.896943008505334
4,1451,1748,620,53730.0,"(560.0, 710.0]",86.66129032258064,1.2046864231564438,10.891745395126074
5,1770,2111,450,46620.0,"(9.999, 560.0]",103.6,1.1926553672316385,10.74980636238115
6,1442,1733,760,45260.0,"(710.0, 850.0]",59.55263157894737,1.2018030513176143,10.720201013508184
7,1542,1858,1030,72240.0,"(1020.0, 1560.0]",70.13592233009709,1.2049286640726329,11.187763030741458
8,1261,1507,1020,37720.0,"(850.0, 1020.0]",36.98039215686274,1.1950832672482157,10.537972247530657
9,1090,1321,680,46310.0,"(560.0, 710.0]",68.1029411764706,1.2119266055045872,10.74313479284995
10,1030,1235,1130,44150.0,"(1020.0, 1560.0]",39.07079646017699,1.1990291262135921,10.695370855832223
11,1187,1439,1090,71280.0,"(1020.0, 1560.0]",65.39449541284404,1.2122999157540018,11.174385091226979
12,1751,2098,720,57620.0,"(710.0, 850.0]",80.02777777777777,1.1981724728726442,10.961642363572961
13,1746,2064,1050,60470.0,"(1020.0, 1560.0]",57.59047619047619,1.1821305841924399,11.009919190256369
14,1615,1931,1160,59130.0,"(1020.0, 1560.0]",50.974137931034484,1.1956656346749226,10.98751060056093
15,1469,1756,770,66360.0,"(710.0, 850.0]",86.18181818181819,1.1953710006807352,11.102864813509706
16,1644,1950,790,78870.0,"(710.0, 850.0]",99.83544303797468,1.186131386861314,11.275568885403835
17,1578,1907,1440,77250.0,"(1020.0, 1560.0]",53.645833333333336,1.208491761723701,11.254815139660025
18,1703,2045,670,38170.0,"(560.0, 710.0]",56.97014925373134,1.2008220786846742,10.549831343981374
19,1438,1731,1030,63540.0,"(1020.0, 1560.0]",61.689320388349515,1.2037552155771905,11.059440645817386
20,1940,2340,980,40190.0,"(850.0, 1020.0]",41.01020408163265,1.2061855670103092,10.601398368945096
21,1421,1700,370,43460.0,"(9.999, 560.0]",117.45945945945945,1.1963406052076002,10.679619263209762
22,1458,1746,690,68890.0,"(560.0, 710.0]",99.84057971014492,1.1975308641975309,11.140280824376791
23,1719,2065,950,52780.0,"(850.0, 1020.0]",55.55789473684211,1.201279813845259,10.873906556448501
24,1449,1752,620,50680.0,"(560.0, 710.0]",81.74193548387096,1.2091097308488612,10.833306365889975
25,1234,1488,840,41880.0,"(710.0, 850.0]",49.857142857142854,1.2058346839546192,10.642587542445344
26,1732,2073,820,70050.0,"(710.0, 850.0]",85.42682926829268,1.1968822170900693,11.156978827180746
27,1475,1777,1100,25820.0,"(1020.0, 1560.0]",23.472727272727273,1.2047457627118645,10.158943393317584
28,1390,1648,980,60530.0,"(850.0, 1020.0]",61.765306122448976,1.185611510791367,11.010910909482787
29,1642,1943,710,78100.0,"(560.0, 710.0]",110.0,1.1833130328867234,11.265758139843117
30,1715,2071,650,84860.0,"(560.0, 710.0]",130.55384615384617,1.2075801749271138,11.348769902801896
31,1439,1746,990,80140.0,"(850.0, 1020.0]",80.94949494949495,1.213342599027102,11.291542862275499
32,1250,1508,990,14920.0,"(850.0, 1020.0]",15.070707070707071,1.2064,9.610524895640422
33,1331,1608,880,60460.0,"(850.0, 1020.0]",68.70454545454545,1.2081141998497371,11.009753808057733
34,1784,2163,620,74560.0,"(560.0, 710.0]",120.25806451612904,1.2124439461883407,11.2193728612867
35,1375,1648,1020,72430.0,"(850.0, 1020.0]",71.00980392156863,1.1985454545454546,11.190389663527862
36,1871,2230,700,45460.0,"(560.0, 710.0]",64.94285714285714,1.1918760021378942,10.724610094524913
37,1442,1744,610,41570.0,"(560.0, 710.0]",68.14754098360656,1.2094313453536754,10.635158087766825
38,1174,1411,1080,62870.0,"(1020.0, 1560.0]",58.21296296296296,1.2018739352640546,11.048840287088053
39,1839,2204,1010,55170.0,"(850.0, 1020.0]",54.62376237623762,1.1984774333877106,10.91819273189521
40,1270,1516,10,45480.0,"(9.999, 560.0]",4548.0,1.1937007874015748,10.725049935309642
41,1435,1725,1250,49550.0,"(1020.0, 1560.0]",39.64,1.2020905923344947,10.8107577211892
42,965,1152,600,48140.0,"(560.0, 710.0]",80.23333333333333,1.193782383419689,10.78188948386747
43,1665,2001,730,67640.0,"(710.0, 850.0]",92.65753424657534,1.2018018018018017,11.121969587054622
44,1780,2117,780,39730.0,"(710.0, 850.0]",50.93589743589744,1.189325842696629,10.58988701838869
45,1009,1194,520,35800.0,"(9.999, 560.0]",68.84615384615384,1.1833498513379583,10.485731104959568
46,1227,1471,870,49270.0,"(850.0, 1020.0]",56.632183908045974,1.1988590057049715,10.805090951658405
47,1769,2087,690,66510.0,"(560.0, 710.0]",96.3913043478261,1.1797625777275296,11.10512262649847
48,1660,1982,910,62530.0,"(850.0, 1020.0]",68.71428571428571,1.193975903614458,11.043417712757153
49,1472,1776,1260,59980.0,"(1020.0, 1560.0]",47.6031746031746,1.2065217391304348,11.001783124388094
50,1408,1688,1040,76350.0,"(1020.0, 1560.0]",73.41346153846153,1.1988636363636365,11.243096408137955
51,1514,1820,910,81820.0,"(850.0, 1020.0]",89.91208791208791,1.202113606340819,11.312289213359325
52,1565,1880,1300,57830.0,"(1020.0, 1560.0]",44.48461538461538,1.2012779552715656,10.9652802430657
53,1074,1288,320,70450.0,"(9.999, 560.0]",220.15625,1.1992551210428306,11.162672711690245
54,1864,2240,530,67000.0,"(9.999, 560.0]",126.41509433962264,1.201716738197425,11.112462823634855
55,1570,1898,980,64090.0,"(850.0, 1020.0]",65.39795918367346,1.2089171974522293,11.068059227434745
56,1417,1701,740,48670.0,"(710.0, 850.0]",65.77027027027027,1.200423429781228,10.792838649154332
57,1734,2060,1240,66210.0,"(1020.0, 1560.0]",53.395161290322584,1.1880046136101499,11.100601891263528
58,1470,1763,1080,83660.0,"(1020.0, 1560.0]",77.46296296296296,1.1993197278911565,11.334528198068428
59,1761,2104,1080,70770.0,"(1020.0, 1560.0]",65.52777777777777,1.1947756956274844,11.167204591251192
60,1756,2070,460,53870.0,"(9.999, 560.0]",117.1086956521739,1.1788154897494305,10.894347578710008
61,1704,2045,300,71300.0,"(9.999, 560.0]",237.66666666666666,1.2001173708920188,11.174665631549477
62,2011,2391,530,46100.0,"(9.999, 560.0]",86.98113207547169,1.1889607160616609,10.738589920723442
63,1472,1748,600,49100.0,"(560.0, 710.0]",81.83333333333333,1.1875,10.801634680173994
64,1310,1561,860,65920.0,"(850.0, 1020.0]",76.65116279069767,1.1916030534351145,11.096212334371204
65,1544,1821,590,58660.0,"(560.0, 710.0]",99.42372881355932,1.1794041450777202,10.979530389777885
66,1707,2052,920,69130.0,"(850.0, 1020.0]",75.1413043478261,1.2021089630931459,11.14375853433447
67,1881,2262,570,49080.0,"(560.0, 710.0]",86.10526315789474,1.2025518341307815,10.801227273515408
68,1416,1681,290,72710.0,"(9.999, 560.0]",250.72413793103448,1.1871468926553672,11.194247958815929
69,1631,1941,650,33430.0,"(560.0, 710.0]",51.43076923076923,1.1900674432863274,10.417238892218322
70,1318,1576,710,42430.0,"(560.0, 710.0]",59.76056338028169,1.1957511380880121,10.65563450614867
71,1692,2019,850,56650.0,"(710.0, 850.0]",66.6470588235294,1.1932624113475176,10.944664918551016
72,1152,1380,530,33580.0,"(9.999, 560.0]",63.35849056603774,1.1979166666666667,10.42171570981886
73,891,1073,630,67370.0,"(560.0, 710.0]",106.93650793650794,1.2042648709315376,11.11796993724665
74,1468,1749,700,71780.0,"(560.0, 710.0]",102.54285714285714,1.19141689373297,11.181375096061787
75,1539,1833,650,84840.0,"(560.0, 710.0]",130.52307692307693,1.1910331384015596,11.348534195502129
76,1635,1956,720,82070.0,"(710.0, 850.0]",113.98611111111111,1.1963302752293579,11.315340005269885
77,1267,1520,450,26770.0,"(9.999, 560.0]",59.48888888888889,1.1996842936069456,10.195074491065121
78,1250,1475,1390,65560.0,"(1020.0, 1560.0]",47.16546762589928,1.18,11.09073628594461
79,1720,2044,960,38660.0,"(850.0, 1020.0]",40.270833333333336,1.1883720930232557,10.562586618956502
80,1462,1761,600,65660.0,"(560.0, 710.0]",109.43333333333334,1.2045143638850888,11.092260420912195
81,1431,1711,620,40700.0,"(560.0, 710.0]",65.64516129032258,1.1956673654786862,10.614007941153417
82,1539,1858,1020,88910.0,"(850.0, 1020.0]",87.16666666666667,1.207277452891488,11.395391148380693
83,1441,1723,330,57860.0,"(9.999, 560.0]",175.33333333333334,1.1956974323386538,10.965798861477905
84,1572,1884,1410,42670.0,"(1020.0, 1560.0]",30.26241134751773,1.1984732824427482,10.661274811576522
85,1287,1525,1200,90180.0,"(1020.0, 1560.0]",75.15,1.184926184926185,11.409574040846838
86,1468,1760,280,51280.0,"(9.999, 560.0]",183.14285714285714,1.1989100817438691,10.845075592184445
87,1931,2342,940,97260.0,"(850.0, 1020.0]",103.46808510638297,1.2128430864836872,11.485153365624024
88,1252,1506,850,39650.0,"(710.0, 850.0]",46.64705882352941,1.2028753993610224,10.587871447425917
89,1238,1468,960,45720.0,"(850.0, 1020.0]",47.625,1.18578352180937,10.73031298993552
90,1479,1758,420,42060.0,"(9.999, 560.0]",100.14285714285714,1.1886409736308317,10.646876224532782
91,1590,1912,830,65350.0,"(710.0, 850.0]",78.73493975903614,1.2025157232704402,11.087528021154112
92,2169,2617,600,67080.0,"(560.0, 710.0]",111.8,1.206546795758414,11.113656123399075
93,1838,2205,400,54030.0,"(9.999, 560.0]",135.075,1.1996735582154516,10.897313234903
94,1385,1655,760,56360.0,"(710.0, 850.0]",74.15789473684211,1.1949458483754514,10.939532708935408
95,1921,2305,1470,77120.0,"(1020.0, 1560.0]",52.46258503401361,1.1998958875585632,11.253130896005338
96,1975,2385,500,50810.0,"(9.999, 560.0]",101.62,1.2075949367088608,10.835868145559232
97,1853,2235,1120,60960.0,"(1020.0, 1560.0]",54.42857142857143,1.2061521856449002,11.017989594425455
98,1816,2171,1160,61180.0,"(1020.0, 1560.0]",52.741379310344826,1.1954845814977975,11.021591962782166
99,1785,2147,820,63660.0,"(710.0, 850.0]",77.63414634146342,1.2028011204481792,11.061327409163853
100,1579,1899,1140,41190.0,"(1020.0, 1560.0]",36.13157894736842,1.2026599113362888,10.625975064872742
101,1096,1321,900,78420.0,"(850.0, 1020.0]",87.13333333333334,1.2052919708029197,11.269847027614036
102,1919,2294,760,65580.0,"(710.0, 850.0]",86.28947368421052,1.1954142782699322,11.091041298833769
103,1262,1500,1170,89080.0,"(1020.0, 1560.0]",76.13675213675214,1.1885895404120443,11.397301347172686
104,1374,1655,1080,94170.0,"(1020.0, 1560.0]",87.19444444444444,1.2045123726346434,11.452867557540856
105,1309,1587,1000,50950.0,"(850.0, 1020.0]",50.95,1.212375859434683,10.83861966554364
106,1207,1434,690,65180.0,"(560.0, 710.0]",94.46376811594203,1.188069594034797,11.084923294403351
107,1692,2031,810,69310.0,"(710.0, 850.0]",85.5679012345679,1.200354609929078,11.146358902740426
108,1929,2311,630,79210.0,"(560.0, 710.0]",125.73015873015873,1.1980300673924313,11.279870457047238
109,1573,1878,650,23740.0,"(560.0, 710.0]",36.52307692307692,1.1938970120788304,10.074958790275668
110,1415,1700,920,36330.0,"(850.0, 1020.0]",39.48913043478261,1.2014134275618376,10.50042665029748
111,1162,1382,1260,51700.0,"(1020.0, 1560.0]",41.03174603174603,1.189328743545611,10.853232402669228
112,1485,1787,800,62950.0,"(710.0, 850.0]",78.6875,1.2033670033670034,11.050111924969828
113,1897,2248,1330,56010.0,"(1020.0, 1560.0]",42.11278195488722,1.1850289931470743,10.933303378999149
114,1607,1927,940,45080.0,"(850.0, 1020.0]",47.95744680851064,1.1991288114499066,10.716216150693835
115,1909,2287,1210,46830.0,"(1020.0, 1560.0]",38.70247933884298,1.1980094290204295,10.754300655782611
116,1274,1503,660,64750.0,"(560.0, 710.0]",98.10606060606061,1.1797488226059654,11.07830442345797
117,1157,1379,770,80780.0,"(710.0, 850.0]",104.9090909090909,1.1918755401901469,11.299497068342589
118,1712,2046,460,31180.0,"(9.999, 560.0]",67.78260869565217,1.1950934579439252,10.347564213938401
119,1500,1798,860,56710.0,"(850.0, 1020.0]",65.94186046511628,1.1986666666666668,10.945723474426929
120,1682,2017,780,49390.0,"(710.0, 850.0]",63.32051282051282,1.199167657550535,10.807523500343269
121,1441,1727,890,66000.0,"(850.0, 1020.0]",74.15730337078652,1.1984732824427482,11.097425172408931
122,1525,1835,900,32770.0,"(850.0, 1020.0]",36.41111111111111,1.20327868852459,10.397299256942858
123,1408,1669,530,46580.0,"(9.999, 560.0]",87.88679245283019,1.1853693181818181,10.74894801164928
124,1947,2333,790,79780.0,"(710.0, 850.0]",100.9873417721519,1.1982537236774524,11.287040659850634
125,1164,1390,370,35510.0,"(9.999, 560.0]",95.97297297297297,1.1941580756013745,10.477597786622002
126,1787,2137,610,80970.0,"(560.0, 710.0]",132.7377049180328,1.195858981533296,11.301846344857076
127,1871,2241,500,61150.0,"(9.999, 560.0]",122.3,1.1977552111170497,11.021101494211369
128,1718,2051,750,49210.0,"(710.0, 850.0]",65.61333333333333,1.1938300349243307,10.803872454726505
129,1365,1636,980,79950.0,"(850.0, 1020.0]",81.58163265306122,1.1985347985347985,11.289169226001263
130,1368,1654,530,68740.0,"(9.999, 560.0]",129.69811320754718,1.20906432748538,11.138101097868566
131,1342,1595,910,57480.0,"(850.0, 1020.0]",63.16483516483517,1.1885245901639345,10.95920973739723
132,1076,1270,620,72630.0,"(560.0, 710.0]",117.14516129032258,1.1802973977695168,11.193147106920685
133,1396,1672,1170,50070.0,"(1020.0, 1560.0]",42.794871794871796,1.1977077363896849,10.821197277163698
134,1713,2071,900,40490.0,"(850.0, 1020.0]",44.98888888888889,1.208990075890251,10.608835006177392
135,1370,1638,980,51850.0,"(850.0, 1020.0]",52.90816326530612,1.1956204379562043,10.856129499874779
136,1667,1993,740,42840.0,"(710.0, 850.0]",57.891891891891895,1.1955608878224355,10.665250866959651
137,1638,1972,810,60940.0,"(710.0, 850.0]",75.23456790123457,1.2039072039072038,11.017661461988261
138,1581,1905,810,62280.0,"(710.0, 850.0]",76.88888888888889,1.2049335863377608,11.039411682337978
139,1795,2187,300,76530.0,"(9.999, 560.0]",255.1,1.2183844011142062,11.245451166489799
140,1179,1412,790,85130.0,"(710.0, 850.0]",107.75949367088607,1.1976251060220526,11.35194652554939
141,1978,2374,800,48590.0,"(710.0, 850.0]",60.7375,1.2002022244691608,10.791193607554506
142,1688,2042,760,73080.0,"(710.0, 850.0]",96.15789473684211,1.2097156398104265,11.199323694032696
143,1214,1456,530,48950.0,"(9.999, 560.0]",92.35849056603773,1.1993410214168039,10.79857507675918
144,1504,1805,540,48560.0,"(9.999, 560.0]",89.92592592592592,1.2001329787234043,10.79057601860207
145,1498,1770,620,59380.0,"(560.0, 710.0]",95.7741935483871,1.1815754339118825,10.991729588863048
146,1462,1762,1010,51190.0,"(850.0, 1020.0]",50.68316831683168,1.2051983584131327,10.843319014326264
147,1442,1750,130,58920.0,"(9.999, 560.0]",453.2307692307692,1.2135922330097086,10.983952842598189
148,1250,1486,730,50360.0,"(710.0, 850.0]",68.98630136986301,1.1888,10.826972344990523
149,1229,1480,830,38070.0,"(710.0, 850.0]",45.86746987951807,1.2042310821806346,10.547208116433715
150,1936,2300,1060,49170.0,"(1020.0, 1560.0]",46.386792452830186,1.18801652892562,10.80305929780341
151,1369,1629,770,39740.0,"(710.0, 850.0]",51.61038961038961,1.1899196493791089,10.590138679352371
152,1662,1986,70,63730.0,"(9.999, 560.0]",910.4285714285714,1.1949458483754514,11.062426379382472
153,1548,1855,670,85330.0,"(560.0, 710.0]",127.35820895522389,1.1983204134366925,11.354293090669742
154,1649,1963,490,27410.0,"(9.999, 560.0]",55.93877551020408,1.1904184354154033,10.21869967166673
155,1393,1663,670,37320.0,"(560.0, 710.0]",55.701492537313435,1.1938262742282844,10.527311449886323
156,1450,1734,380,71120.0,"(9.999, 560.0]",187.1578947368421,1.1958620689655173,11.172137930831342
157,1613,1921,1200,72800.0,"(1020.0, 1560.0]",60.666666666666664,1.1909485430874147,11.195484970354173
158,1408,1696,350,34410.0,"(9.999, 560.0]",98.31428571428572,1.2045454545454546,10.446131559688638
159,775,932,1090,42530.0,"(1020.0, 1560.0]",39.018348623853214,1.2025806451612904,10.657988500785741
160,1275,1534,1230,54300.0,"(1020.0, 1560.0]",44.146341463414636,1.2031372549019608,10.902297921958713
161,1740,2078,680,50780.0,"(560.0, 710.0]",74.67647058823529,1.1942528735632183,10.835277547857206
162,1372,1657,580,45020.0,"(560.0, 710.0]",77.62068965517241,1.2077259475218658,10.7148843265641
163,1414,1723,680,69600.0,"(560.0, 710.0]",102.3529411764706,1.2185289957567185,11.150534214035387
164,2044,2474,340,80340.0,"(9.999, 560.0]",236.2941176470588,1.210371819960861,11.294035354935634
165,1823,2176,700,37810.0,"(560.0, 710.0]",54.01428571428571,1.1936368623148657,10.540355344564857
166,955,1133,580,46140.0,"(560.0, 710.0]",79.55172413793103,1.1863874345549739,10.739457204661502
167,1465,1763,680,99570.0,"(560.0, 710.0]",146.4264705882353,1.2034129692832765,11.508626236517395
168,1331,1606,630,38650.0,"(560.0, 710.0]",61.34920634920635,1.2066115702479339,10.562327926902078
169,1232,1487,860,49800.0,"(850.0, 1020.0]",57.906976744186046,1.2069805194805194,10.815790343132422
170,1481,1765,490,69910.0,"(9.999, 560.0]",142.6734693877551,1.1917623227548952,11.154978283509006
171,1343,1599,870,44910.0,"(850.0, 1020.0]",51.62068965517241,1.1906180193596425,10.712438032589617
172,1539,1837,990,78470.0,"(850.0, 1020.0]",79.26262626262626,1.1936322287199481,11.270484408764034
173,1007,1207,670,47460.0,"(560.0, 710.0]",70.83582089552239,1.198609731876862,10.76766360014283
174,1762,2145,490,33460.0,"(9.999, 560.0]",68.28571428571429,1.217366628830874,10.418135860525785
175,1527,1832,580,44090.0,"(560.0, 710.0]",76.01724137931035,1.1997380484610347,10.694010958974793
176,1356,1619,700,42620.0,"(560.0, 710.0]",60.885714285714286,1.193952802359882,10.660102368540187
177,1536,1848,670,69450.0,"(560.0, 710.0]",103.65671641791045,1.203125,11.14837674692692
178,1605,1902,390,73120.0,"(9.999, 560.0]",187.48717948717947,1.1850467289719626,11.19987088218331
179,1704,2032,590,48300.0,"(560.0, 710.0]",81.86440677966101,1.192488262910798,10.785207543360087
180,1626,1941,1350,58090.0,"(1020.0, 1560.0]",43.02962962962963,1.1937269372693726,10.969766025505304
181,1612,1939,840,74250.0,"(710.0, 850.0]",88.39285714285714,1.2028535980148884,11.215206524587721
182,1174,1396,1100,40930.0,"(1020.0, 1560.0]",37.20909090909091,1.1890971039182283,10.619643001144993
183,1923,2339,950,70930.0,"(850.0, 1020.0]",74.66315789473684,1.216328653146126,11.169462852503631
184,1702,2053,950,64670.0,"(850.0, 1020.0]",68.07368421052631,1.2062279670975322,11.077068157441543
185,1398,1692,650,77420.0,"(560.0, 710.0]",119.1076923076923,1.2103004291845494,11.25701334060725
186,1437,1717,230,32330.0,"(9.999, 560.0]",140.56521739130434,1.1948503827418233,10.383781801264941
187,1524,1796,1060,41080.0,"(1020.0, 1560.0]",38.75471698113208,1.178477690288714,10.623301006492076
188,1660,1985,1180,42860.0,"(1020.0, 1560.0]",36.32203389830509,1.1957831325301205,10.665717600533268
189,1302,1569,710,68450.0,"(560.0, 710.0]",96.40845070422536,1.205069124423963,11.13387343981368
190,1666,2000,480,39730.0,"(9.999, 560.0]",82.77083333333333,1.2004801920768307,10.58988701838869
191,1391,1649,810,83750.0,"(710.0, 850.0]",103.39506172839506,1.1854780733285406,11.335603389914535
192,1778,2148,1140,69940.0,"(1020.0, 1560.0]",61.35087719298246,1.2080989876265467,11.15540730848484
193,1462,1770,1070,67710.0,"(1020.0, 1560.0]",63.2803738317757,1.2106703146374829,11.12300392723786
194,1751,2115,790,67360.0,"(710.0, 850.0]",85.26582278481013,1.2078812107367218,11.117821494411714
195,1652,1982,690,52460.0,"(560.0, 710.0]",76.02898550724638,1.1997578692493946,10.867825315381769
196,1841,2215,610,88760.0,"(560.0, 710.0]",145.50819672131146,1.2031504617055948,11.393702643319253
197,1496,1791,1240,67030.0,"(1020.0, 1560.0]",54.056451612903224,1.197192513368984,11.112910477933843
198,1504,1827,840,78230.0,"(710.0, 850.0]",93.13095238095238,1.2147606382978724,11.267421267417317
199,1524,1808,460,62270.0,"(9.999, 560.0]",135.3695652173913,1.1863517060367454,11.03925110683503
200,1148,1371,940,49760.0,"(850.0, 1020.0]",52.93617021276596,1.1942508710801394,10.814986823674152
201,1468,1744,590,73660.0,"(560.0, 710.0]",124.84745762711864,1.1880108991825613,11.207228765796126
202,1310,1558,890,72320.0,"(850.0, 1020.0]",81.25842696629213,1.1893129770992366,11.188869822404088
203,1321,1579,770,68890.0,"(710.0, 850.0]",89.46753246753246,1.1953065859197578,11.140280824376791
204,992,1192,900,34180.0,"(850.0, 1020.0]",37.977777777777774,1.2016129032258065,10.439425213116973
205,1540,1857,1020,58260.0,"(850.0, 1020.0]",57.11764705882353,1.205844155844156,10.972688194801409
206,1807,2149,910,38120.0,"(850.0, 1020.0]",41.89010989010989,1.1892639734366353,10.548520590372645
207,1526,1853,660,49070.0,"(560.0, 710.0]",74.34848484848484,1.2142857142857142,10.801023507926635
208,1406,1677,480,61660.0,"(9.999, 560.0]",128.45833333333334,1.1927453769559033,11.029406919278141
209,1703,2055,1080,37830.0,"(1020.0, 1560.0]",35.02777777777778,1.2066940692894892,10.540884151324754
210,1575,1872,690,52270.0,"(560.0, 710.0]",75.7536231884058,1.1885714285714286,10.864197002956908
211,1309,1572,510,52280.0,"(9.999, 560.0]",102.50980392156863,1.200916730328495,10.864388295328752
212,1488,1807,1030,70810.0,"(1020.0, 1560.0]",68.74757281553399,1.2143817204301075,11.167769634845211
213,1658,1988,370,71530.0,"(9.999, 560.0]",193.32432432432432,1.1990349819059107,11.177886201152898
214,1863,2245,640,77260.0,"(560.0, 710.0]",120.71875,1.2050456253354804,11.254944579444818
215,1458,1725,750,75550.0,"(710.0, 850.0]",100.73333333333333,1.183127572016461,11.232563203880659
216,1604,1909,370,33730.0,"(9.999, 560.0]",91.16216216216216,1.190149625935162,10.426172574814567
217,1575,1899,840,66270.0,"(710.0, 850.0]",78.89285714285714,1.2057142857142857,11.10150767475264
218,1525,1829,840,55820.0,"(710.0, 850.0]",66.45238095238095,1.199344262295082,10.929905421655752
219,1451,1737,890,68430.0,"(850.0, 1020.0]",76.88764044943821,1.19710544452102,11.13358121731339
220,1390,1687,620,73990.0,"(560.0, 710.0]",119.33870967741936,1.2136690647482014,11.211698743168176
221,1442,1742,310,62800.0,"(9.999, 560.0]",202.58064516129033,1.2080443828016643,11.047726275896391
222,1620,1922,550,33740.0,"(9.999, 560.0]",61.345454545454544,1.1864197530864198,10.426468994072131
223,1251,1527,380,63830.0,"(9.999, 560.0]",167.97368421052633,1.2206235011990407,11.063994244741828
224,1318,1606,1200,24410.0,"(1020.0, 1560.0]",20.341666666666665,1.2185128983308042,10.102789129364767
225,1647,1962,800,70020.0,"(710.0, 850.0]",87.525,1.1912568306010929,11.156550476040493
226,1829,2175,870,92240.0,"(850.0, 1020.0]",106.02298850574712,1.1891744122471295,11.432159996167782
227,1852,2227,1220,68230.0,"(1020.0, 1560.0]",55.92622950819672,1.2024838012958963,11.130654286011607
228,1699,2053,1080,81870.0,"(1020.0, 1560.0]",75.80555555555556,1.2083578575632725,11.312900116782279
229,1325,1595,540,73860.0,"(9.999, 560.0]",136.77777777777777,1.2037735849056603,11.209940227442981
230,1350,1634,880,77120.0,"(850.0, 1020.0]",87.63636363636364,1.2103703703703703,11.253130896005338
231,1347,1628,120,72350.0,"(9.999, 560.0]",602.9166666666666,1.2086117297698589,11.18928455366418
232,1397,1661,1410,49160.0,"(1020.0, 1560.0]",34.86524822695036,1.188976377952756,10.802855905214333
233,1245,1499,570,45650.0,"(560.0, 710.0]",80.08771929824562,1.2040160642570281,10.728780791588225
234,1366,1649,940,52780.0,"(850.0, 1020.0]",56.148936170212764,1.2071742313323572,10.873906556448501
235,1378,1658,760,90960.0,"(710.0, 850.0]",119.6842105263158,1.2031930333817127,11.418186122207434
236,1767,2110,1200,64950.0,"(1020.0, 1560.0]",54.125,1.1941143180531975,11.081388418439035
237,1184,1434,670,47230.0,"(560.0, 710.0]",70.49253731343283,1.2111486486486487,10.762805735649291
238,1257,1505,950,83250.0,"(850.0, 1020.0]",87.63157894736842,1.1972951471758155,11.32961541978256
239,1863,2247,480,51950.0,"(9.999, 560.0]",108.22916666666667,1.2061191626409018,10.858056245620261
240,1881,2244,920,66030.0,"(850.0, 1020.0]",71.77173913043478,1.1929824561403508,11.097879607705167
241,1329,1609,1150,68590.0,"(1020.0, 1560.0]",59.643478260869564,1.2106847253574116,11.135916609771838
242,1539,1848,750,47140.0,"(710.0, 850.0]",62.85333333333333,1.2007797270955165,10.760898389671993
243,1557,1861,370,69940.0,"(9.999, 560.0]",189.02702702702703,1.1952472703917791,11.15540730848484
244,2007,2397,610,65890.0,"(560.0, 710.0]",108.01639344262296,1.194319880418535,11.095757140602533
245,1185,1418,1150,89310.0,"(1020.0, 1560.0]",77.6608695652174,1.1966244725738397,11.399879939569674
246,1657,2003,1070,58540.0,"(1020.0, 1560.0]",54.71028037383178,1.2088111044055523,10.97748264243684
247,1294,1539,790,78130.0,"(710.0, 850.0]",98.89873417721519,1.1893353941267388,11.266142184089734
248,1296,1559,1070,92300.0,"(1020.0, 1560.0]",86.26168224299066,1.2029320987654322,11.43281025466844
249,1733,2097,730,56170.0,"(710.0, 850.0]",76.94520547945206,1.2100403923831506,10.936155888465745
250,1641,1976,620,46050.0,"(560.0, 710.0]",74.2741935483871,1.2041438147471055,10.737504756974277
251,1373,1648,530,43390.0,"(9.999, 560.0]",81.86792452830188,1.2002913328477787,10.678007325311796
252,1550,1845,700,61750.0,"(560.0, 710.0]",88.21428571428571,1.1903225806451614,11.030865448691081
253,1583,1907,680,21830.0,"(560.0, 710.0]",32.10294117647059,1.204674668351232,9.991086257015196
254,1428,1719,1060,39800.0,"(1020.0, 1560.0]",37.54716981132076,1.203781512605042,10.591647316585027
255,1604,1925,670,54370.0,"(560.0, 710.0]",81.14925373134328,1.2001246882793017,10.903586202466688
256,1439,1735,400,62470.0,"(9.999, 560.0]",156.175,1.205698401667825,11.042457728043182
257,1648,2003,910,82930.0,"(850.0, 1020.0]",91.13186813186813,1.2154126213592233,11.325764215735022
258,1025,1231,760,63720.0,"(710.0, 850.0]",83.84210526315789,1.2009756097560975,11.062269457560602
259,2001,2394,540,79180.0,"(9.999, 560.0]",146.62962962962962,1.1964017991004499,11.279491650032252
260,1145,1370,350,38210.0,"(9.999, 560.0]",109.17142857142858,1.1965065502183405,10.55087871125787
261,1174,1426,980,25950.0,"(850.0, 1020.0]",26.479591836734695,1.2146507666098807,10.163965423497029
262,913,1106,860,56610.0,"(850.0, 1020.0]",65.82558139534883,1.2113910186199344,10.943958591598234
263,1199,1433,1020,73710.0,"(850.0, 1020.0]",72.26470588235294,1.195162635529608,11.207907320771541
264,1875,2254,1120,70400.0,"(1020.0, 1560.0]",62.857142857142854,1.2021333333333333,11.161962746590705
265,1153,1397,1020,50440.0,"(850.0, 1020.0]",49.450980392156865,1.2116218560277536,10.828559615417621
266,1240,1492,940,66840.0,"(850.0, 1020.0]",71.1063829787234,1.2032258064516128,11.110071943698552
267,1381,1660,970,50170.0,"(850.0, 1020.0]",51.72164948453608,1.2020275162925416,10.82319244951007
268,1701,2030,830,60140.0,"(710.0, 850.0]",72.4578313253012,1.1934156378600822,11.004447084272586
269,1206,1456,920,37130.0,"(850.0, 1020.0]",40.358695652173914,1.207296849087894,10.522207479208133
270,1476,1777,660,42890.0,"(560.0, 710.0]",64.98484848484848,1.203929539295393,10.666417292697274
271,1189,1439,780,26220.0,"(710.0, 850.0]",33.61538461538461,1.210260723296888,10.174315895415749
272,1837,2220,340,50840.0,"(9.999, 560.0]",149.52941176470588,1.2084921066956995,10.83645839466148
273,1319,1571,1190,25630.0,"(1020.0, 1560.0]",21.537815126050422,1.1910538286580743,10.151557835374197
274,1617,1901,490,60770.0,"(9.999, 560.0]",124.0204081632653,1.1756338899196042,11.014867980481917
275,1631,1967,1090,69600.0,"(1020.0, 1560.0]",63.85321100917431,1.206008583690987,11.150534214035387
276,1517,1805,1040,41740.0,"(1020.0, 1560.0]",40.13461538461539,1.1898483849703363,10.63923913817842
277,1764,2109,1210,50130.0,"(1020.0, 1560.0]",41.429752066115704,1.195578231292517,10.822394858193437
278,1572,1869,1030,21750.0,"(1020.0, 1560.0]",21.116504854368934,1.1889312977099236,9.987415012471414
279,1855,2197,1170,80490.0,"(1020.0, 1560.0]",68.7948717948718,1.184366576819407,11.295900655914194
280,1327,1571,730,34020.0,"(710.0, 850.0]",46.602739726027394,1.1838733986435568,10.434733259991683
281,1270,1515,720,60240.0,"(710.0, 850.0]",83.66666666666667,1.1929133858267718,11.006108462601597
282,1734,2073,500,39460.0,"(9.999, 560.0]",78.92,1.1955017301038062,10.583068121374101
283,1533,1848,1070,56440.0,"(1020.0, 1560.0]",52.74766355140187,1.2054794520547945,10.940951123740335
284,1390,1646,800,46840.0,"(710.0, 850.0]",58.55,1.1841726618705035,10.754514166757886
285,1856,2216,1020,64820.0,"(850.0, 1020.0]",63.549019607843135,1.1939655172413792,11.07938490391378
286,1000,1215,1070,52520.0,"(1020.0, 1560.0]",49.08411214953271,1.215,10.868968368601042
287,1313,1586,420,45940.0,"(9.999, 560.0]",109.38095238095238,1.2079207920792079,10.735113243529035
288,1494,1799,510,38970.0,"(9.999, 560.0]",76.41176470588235,1.2041499330655958,10.570573058768215
289,1386,1674,1210,58610.0,"(1020.0, 1560.0]",48.43801652892562,1.2077922077922079,10.978677671259746
290,1979,2364,660,30810.0,"(560.0, 710.0]",46.68181818181818,1.1945426983324912,10.335627048058479
291,1057,1264,360,47730.0,"(9.999, 560.0]",132.58333333333334,1.195837275307474,10.773336360964212
292,902,1093,1210,64640.0,"(1020.0, 1560.0]",53.421487603305785,1.211751662971175,11.076604163372343
293,1347,1622,560,44860.0,"(9.999, 560.0]",80.10714285714286,1.2041573867854491,10.711324099399532
294,1314,1576,360,55660.0,"(9.999, 560.0]",154.61111111111111,1.1993911719939117,10.927035001141991
295,1513,1803,970,57530.0,"(850.0, 1020.0]",59.30927835051546,1.1916721744877727,10.960079211941625
296,1305,1548,480,75200.0,"(9.999, 560.0]",156.66666666666666,1.186206896551724,11.227919807721856
297,1180,1436,690,37330.0,"(560.0, 710.0]",54.10144927536232,1.2169491525423728,10.527579359655915
298,1142,1352,710,35280.0,"(560.0, 710.0]",49.690140845070424,1.1838879159369526,10.471099854390227
299,1471,1768,780,70610.0,"(710.0, 850.0]",90.52564102564102,1.201903467029232,11.164941218710066
300,1075,1288,630,49720.0,"(560.0, 710.0]",78.92063492063492,1.198139534883721,10.814182658053124
301,1578,1885,220,68850.0,"(9.999, 560.0]",312.95454545454544,1.1945500633713562,11.139700028379574
302,1585,1916,1110,50740.0,"(1020.0, 1560.0]",45.711711711711715,1.208832807570978,10.834489541275977
303,1391,1648,720,77070.0,"(710.0, 850.0]",107.04166666666667,1.1847591660675774,11.252482353905197
304,1577,1892,560,74730.0,"(9.999, 560.0]",133.44642857142858,1.1997463538363982,11.221650278341562
305,1092,1314,600,76530.0,"(560.0, 710.0]",127.55,1.2032967032967032,11.245451166489799
306,1375,1681,440,68900.0,"(9.999, 560.0]",156.5909090909091,1.2225454545454546,11.140425970684525
307,1523,1813,520,44960.0,"(9.999, 560.0]",86.46153846153847,1.190413657255417,10.713550726313105
308,1373,1654,410,41490.0,"(9.999, 560.0]",101.1951219512195,1.2046613255644574,10.63323181522976
309,1550,1871,590,74320.0,"(560.0, 710.0]",125.96610169491525,1.2070967741935483,11.216148828725508
310,1614,1946,740,73800.0,"(710.0, 850.0]",99.72972972972973,1.2057001239157372,11.209127560632263
311,1566,1889,610,56400.0,"(560.0, 710.0]",92.45901639344262,1.206257982120051,10.94024216782542
312,2019,2396,540,71570.0,"(9.999, 560.0]",132.53703703703704,1.1867261020307083,11.178445242969808
313,1494,1806,1450,43640.0,"(1020.0, 1560.0]",30.09655172413793,1.2088353413654618,10.683752354441571
314,1659,2008,620,35120.0,"(560.0, 710.0]",56.645161290322584,1.2103676913803496,10.466554521147781
315,1766,2131,340,58670.0,"(9.999, 560.0]",172.55882352941177,1.2066817667044167,10.979700846260759
316,1293,1554,970,75800.0,"(850.0, 1020.0]",78.14432989690722,1.2018561484918793,11.235866764155578
317,1375,1659,1080,76640.0,"(1020.0, 1560.0]",70.96296296296296,1.2065454545454546,11.24688746057632
318,1236,1484,560,31890.0,"(9.999, 560.0]",56.94642857142857,1.2006472491909386,10.37007911730487
319,1332,1586,630,61670.0,"(560.0, 710.0]",97.88888888888889,1.1906906906906907,11.029569083193783
320,1513,1825,980,75950.0,"(850.0, 1020.0]",77.5,1.2062128222075348,11.237843674494187
321,1208,1459,930,41490.0,"(850.0, 1020.0]",44.61290322580645,1.2077814569536425,10.63323181522976
322,1190,1429,470,66170.0,"(9.999, 560.0]",140.7872340425532,1.2008403361344537,11.099997579480698
323,1448,1734,680,37980.0,"(560.0, 710.0]",55.85294117647059,1.1975138121546962,10.54484131366684
324,1771,2147,430,62710.0,"(9.999, 560.0]",145.8372093023256,1.212309429700734,11.046292149829952
325,1365,1645,830,60470.0,"(710.0, 850.0]",72.855421686747,1.205128205128205,11.009919190256369
326,1510,1810,950,35230.0,"(850.0, 1020.0]",37.084210526315786,1.1986754966887416,10.469681655831673
327,1458,1736,870,48550.0,"(850.0, 1020.0]",55.804597701149426,1.1906721536351166,10.790370070829697
328,1808,2157,730,56810.0,"(710.0, 850.0]",77.82191780821918,1.1930309734513274,10.947485247931015
329,1615,1954,760,41080.0,"(710.0, 850.0]",54.05263157894737,1.209907120743034,10.623301006492076
330,1640,1948,960,51270.0,"(850.0, 1020.0]",53.40625,1.1878048780487804,10.844880569171112
331,1060,1273,860,57500.0,"(850.0, 1020.0]",66.86046511627907,1.200943396226415,10.959557617938563
332,1633,1968,330,81470.0,"(9.999, 560.0]",246.87878787878788,1.2051439069197796,11.308002407686212
333,1222,1473,630,49570.0,"(560.0, 710.0]",78.68253968253968,1.2054009819967266,10.811161264303168
334,1619,1957,1280,45580.0,"(1020.0, 1560.0]",35.609375,1.2087708462013589,10.727246242006135
335,1624,1973,1440,44660.0,"(1020.0, 1560.0]",31.01388888888889,1.2149014778325122,10.706855916545168
336,1887,2278,570,76240.0,"(560.0, 710.0]",133.75438596491227,1.2072072072072073,11.241654654716355
337,1320,1583,540,43720.0,"(9.999, 560.0]",80.96296296296296,1.1992424242424242,10.685583814855978
338,1450,1750,480,46700.0,"(9.999, 560.0]",97.29166666666667,1.206896551724138,10.751520856703959
339,1455,1764,390,84690.0,"(9.999, 560.0]",217.15384615384616,1.2123711340206185,11.346764617615445
340,966,1172,900,85470.0,"(850.0, 1020.0]",94.96666666666667,1.2132505175983437,11.355932416103318
341,1922,2290,290,80410.0,"(9.999, 560.0]",277.2758620689655,1.1914672216441207,11.294906261729011
342,1678,1999,740,46650.0,"(710.0, 850.0]",63.04054054054054,1.1912991656734206,10.750449642272962
343,1638,1952,690,81840.0,"(560.0, 710.0]",118.6086956521739,1.1916971916971917,11.312533619514689
344,1145,1375,950,63590.0,"(850.0, 1020.0]",66.93684210526315,1.2008733624454149,11.060227229880846
345,2004,2390,930,50130.0,"(850.0, 1020.0]",53.903225806451616,1.192614770459082,10.822394858193437
346,1954,2378,810,45820.0,"(710.0, 850.0]",56.5679012345679,1.216990788126919,10.732497780300108
347,1577,1879,760,86710.0,"(710.0, 850.0]",114.09210526315789,1.1915028535193406,11.370336028999896
348,1766,2138,580,49980.0,"(560.0, 710.0]",86.17241379310344,1.2106455266138165,10.819398212191988
349,1362,1634,770,82940.0,"(710.0, 850.0]",107.71428571428571,1.1997063142437592,11.325884790636296
350,1886,2228,1530,40350.0,"(1020.0, 1560.0]",26.372549019607842,1.181336161187699,10.605371456538457
351,1291,1546,420,93950.0,"(9.999, 560.0]",223.6904761904762,1.1975213013168087,11.450528648744518
352,1584,1897,1210,47310.0,"(1020.0, 1560.0]",39.099173553719005,1.1976010101010102,10.764498105582106
353,1397,1686,850,21300.0,"(710.0, 850.0]",25.058823529411764,1.206871868289191,9.966509298952284
354,1445,1709,1340,62180.0,"(1020.0, 1560.0]",46.40298507462686,1.1826989619377162,11.037804765825014
355,1433,1707,1160,61460.0,"(1020.0, 1560.0]",52.98275862068966,1.1912072575017445,11.02615810629731
356,1269,1511,500,54360.0,"(9.999, 560.0]",108.72,1.19070133963751,10.9034022639752
357,1798,2134,820,72050.0,"(710.0, 850.0]",87.86585365853658,1.1868743047830923,11.185129480581873
358,1514,1822,670,48090.0,"(560.0, 710.0]",71.77611940298507,1.203434610303831,10.780850328399447
359,1015,1216,460,27310.0,"(9.999, 560.0]",59.369565217391305,1.1980295566502464,10.215044830421325
360,1495,1799,950,57160.0,"(850.0, 1020.0]",60.16842105263158,1.2033444816053511,10.953627126642347
361,1759,2095,980,34190.0,"(850.0, 1020.0]",34.88775510204081,1.1910176236498011,10.439717730523846
362,1219,1468,850,35600.0,"(710.0, 850.0]",41.88235294117647,1.2042657916324857,10.480129006333248
363,1571,1877,580,54670.0,"(560.0, 710.0]",94.25862068965517,1.1947803946530873,10.909088683289344
364,1404,1670,620,76730.0,"(560.0, 710.0]",123.75806451612904,1.1894586894586894,11.248061077798893
365,1124,1369,650,63540.0,"(560.0, 710.0]",97.75384615384615,1.2179715302491103,11.059440645817386
366,1514,1837,1130,36690.0,"(1020.0, 1560.0]",32.469026548672566,1.2133421400264202,10.510286772360844
367,1207,1476,720,87370.0,"(710.0, 850.0]",121.34722222222223,1.2228666114333058,11.377918698802924
368,1484,1774,940,59800.0,"(850.0, 1020.0]",63.61702127659574,1.1954177897574123,10.998777662206932
369,1398,1678,920,48030.0,"(850.0, 1020.0]",52.20652173913044,1.200286123032904,10.779601914762763
370,1769,2112,660,96650.0,"(560.0, 710.0]",146.43939393939394,1.1938948558507632,11.478861831194436
371,1111,1322,610,65500.0,"(560.0, 710.0]",107.37704918032787,1.18991899189919,11.089820688682373
372,1078,1305,1190,55530.0,"(1020.0, 1560.0]",46.66386554621849,1.2105751391465678,10.924696702357316
373,1876,2254,1340,21650.0,"(1020.0, 1560.0]",16.15671641791045,1.2014925373134329,9.982806921740384
374,1909,2306,820,31940.0,"(710.0, 850.0]",38.951219512195124,1.2079622839182818,10.371645729982715
375,1940,2343,1130,84690.0,"(1020.0, 1560.0]",74.94690265486726,1.2077319587628865,11.346764617615445
376,1391,1683,890,68390.0,"(850.0, 1020.0]",76.84269662921348,1.209920920201294,11.132996516006004
377,1496,1774,810,75490.0,"(710.0, 850.0]",93.19753086419753,1.1858288770053476,11.231768722833587
378,1412,1699,680,39200.0,"(560.0, 710.0]",57.64705882352941,1.203257790368272,10.576457535657255
379,1121,1345,320,85670.0,"(9.999, 560.0]",267.71875,1.199821587867975,11.358269657587524
380,1691,2026,700,60530.0,"(560.0, 710.0]",86.47142857142858,1.198107628622117,11.010910909482787
381,1599,1946,940,78090.0,"(850.0, 1020.0]",83.07446808510639,1.217010631644778,11.265630092311698
382,1208,1467,910,50720.0,"(850.0, 1020.0]",55.73626373626374,1.2144039735099337,10.834095305005077
383,1454,1737,870,23090.0,"(850.0, 1020.0]",26.54022988505747,1.1946354883081156,10.047198210202428
384,1555,1881,1260,91360.0,"(1020.0, 1560.0]",72.5079365079365,1.209646302250804,11.422573970539215
385,1554,1852,440,48120.0,"(9.999, 560.0]",109.36363636363636,1.1917631917631917,10.781473951252568
386,1491,1800,980,75620.0,"(850.0, 1020.0]",77.16326530612245,1.2072434607645874,11.233489301372298
387,1415,1697,1200,39420.0,"(1020.0, 1560.0]",32.85,1.1992932862190813,10.58205394821854
388,1487,1801,890,51130.0,"(850.0, 1020.0]",57.449438202247194,1.2111634162743778,10.842146245872229
389,1339,1589,1050,33890.0,"(1020.0, 1560.0]",32.27619047619048,1.186706497386109,10.430904771395038
390,1320,1562,610,87170.0,"(560.0, 710.0]",142.9016393442623,1.1833333333333333,11.375626985776462
391,1509,1799,960,38600.0,"(850.0, 1020.0]",40.208333333333336,1.192180251822399,10.5610334618531
392,1406,1680,860,60980.0,"(850.0, 1020.0]",70.90697674418605,1.1948790896159318,11.018317619227071
393,1264,1502,800,79410.0,"(710.0, 850.0]",99.2625,1.1882911392405062,11.282392176682402
394,1905,2280,1060,82350.0,"(1020.0, 1560.0]",77.68867924528301,1.1968503937007875,11.31874587882289
395,1209,1464,600,36740.0,"(560.0, 710.0]",61.233333333333334,1.2109181141439207,10.511648576689398
396,1546,1829,380,27720.0,"(9.999, 560.0]",72.94736842105263,1.1830530401034929,10.229945527689226
397,1689,2044,1140,32260.0,"(1020.0, 1560.0]",28.29824561403509,1.2101835405565424,10.381614349338879
398,1153,1381,730,53270.0,"(710.0, 850.0]",72.97260273972603,1.1977450130095404,10.883147372026944
399,2063,2493,810,51480.0,"(710.0, 850.0]",63.55555555555556,1.2084343189529811,10.848968086540825
400,1848,2254,1000,59970.0,"(850.0, 1020.0]",59.97,1.2196969696969697,11.001616391027698
401,1718,2056,1220,83600.0,"(1020.0, 1560.0]",68.52459016393442,1.1967403958090803,11.33381076072374
402,1480,1773,360,63020.0,"(9.999, 560.0]",175.05555555555554,1.197972972972973,11.05122328316379
403,1439,1724,900,50920.0,"(850.0, 1020.0]",56.577777777777776,1.1980542043085476,10.838030691127368
404,1576,1896,750,56450.0,"(710.0, 850.0]",75.26666666666667,1.2030456852791878,10.941128284212754
405,1948,2374,930,89540.0,"(850.0, 1020.0]",96.27956989247312,1.2186858316221767,11.402451899925579
406,1613,1893,1180,46030.0,"(1020.0, 1560.0]",39.00847457627118,1.1735895846249225,10.737070361537285
407,896,1059,870,75110.0,"(850.0, 1020.0]",86.33333333333333,1.1819196428571428,11.226722298397847
408,1625,1943,680,74520.0,"(560.0, 710.0]",109.58823529411765,1.1956923076923076,11.218836243841805
409,1303,1587,1310,102310.0,"(1020.0, 1560.0]",78.09923664122137,1.2179585571757483,11.535772473040838
410,1340,1605,1000,53400.0,"(850.0, 1020.0]",53.4,1.1977611940298507,10.885584751364705
411,1410,1704,1130,59760.0,"(1020.0, 1560.0]",52.88495575221239,1.2085106382978723,10.998108553267764
412,1432,1719,990,49540.0,"(850.0, 1020.0]",50.04040404040404,1.2004189944134078,10.81055588854814
413,1891,2280,360,51560.0,"(9.999, 560.0]",143.22222222222223,1.2057112638815441,10.850520851744797
414,1322,1583,720,49510.0,"(710.0, 850.0]",68.76388888888889,1.197428139183056,10.809950146091303
415,1378,1670,950,58610.0,"(850.0, 1020.0]",61.694736842105264,1.211901306240929,10.978677671259746
416,1462,1732,840,68260.0,"(710.0, 850.0]",81.26190476190476,1.1846785225718195,11.131093872221541
417,1440,1733,1120,65310.0,"(1020.0, 1560.0]",58.3125,1.2034722222222223,11.086915754370356
418,1421,1724,920,52090.0,"(850.0, 1020.0]",56.619565217391305,1.2132301196340605,10.860747468097681
419,1280,1530,1240,43860.0,"(1020.0, 1560.0]",35.37096774193548,1.1953125,10.68878082152957
420,1431,1710,840,74170.0,"(710.0, 850.0]",88.29761904761905,1.1949685534591195,11.214128517179825
421,1161,1404,430,58380.0,"(9.999, 560.0]",135.7674418604651,1.2093023255813953,10.974745773415224
422,1175,1405,810,91200.0,"(710.0, 850.0]",112.5925925925926,1.195744680851064,11.420821140914589
423,1395,1662,920,90940.0,"(850.0, 1020.0]",98.84782608695652,1.1913978494623656,11.417966223579814
424,1443,1755,880,49330.0,"(850.0, 1020.0]",56.05681818181818,1.2162162162162162,10.806307965662292
425,1247,1523,1350,53500.0,"(1020.0, 1560.0]",39.629629629629626,1.2213311948676824,10.887455624298198
426,1788,2133,1000,54590.0,"(850.0, 1020.0]",54.59,1.1929530201342282,10.907624312981353
427,1138,1375,1220,57450.0,"(1020.0, 1560.0]",47.09016393442623,1.2082601054481548,10.958687689565794
428,1709,2042,430,33240.0,"(9.999, 560.0]",77.30232558139535,1.1948507899356349,10.411539332752723
429,1777,2145,520,80790.0,"(9.999, 560.0]",155.3653846153846,1.2070906021384356,11.299620852166676
430,1612,1918,580,61000.0,"(560.0, 710.0]",105.17241379310344,1.1898263027295286,11.0186455364637
431,1618,1943,460,47620.0,"(9.999, 560.0]",103.52173913043478,1.2008652657601977,10.771029119400374
432,1311,1571,470,72090.0,"(9.999, 560.0]",153.38297872340425,1.198321891685736,11.185684488851868
433,1365,1638,680,102920.0,"(560.0, 710.0]",151.35294117647058,1.2,11.54171698263297
434,1249,1503,950,61970.0,"(850.0, 1020.0]",65.23157894736842,1.2033626901521217,11.034421812666363
435,1373,1635,840,61040.0,"(710.0, 850.0]",72.66666666666667,1.1908230152949746,11.019301048524012
436,1536,1836,990,52060.0,"(850.0, 1020.0]",52.58585858585859,1.1953125,10.86017138696953
437,1744,2101,520,69570.0,"(9.999, 560.0]",133.78846153846155,1.2047018348623852,11.150103092826168
438,1513,1820,520,66020.0,"(9.999, 560.0]",126.96153846153847,1.2029081295439523,11.097728152217645
439,1297,1561,1070,40000.0,"(1020.0, 1560.0]",37.38317757009346,1.2035466461063993,10.596659732783579
440,1908,2304,990,79500.0,"(850.0, 1020.0]",80.3030303030303,1.2075471698113207,11.283524879179666
441,1721,2076,710,76300.0,"(560.0, 710.0]",107.46478873239437,1.2062754212667055,11.242441323346558
442,1243,1491,430,69030.0,"(9.999, 560.0]",160.53488372093022,1.1995172968624297,11.142310958047759
443,1472,1766,1290,57140.0,"(1020.0, 1560.0]",44.29457364341085,1.1997282608695652,10.953277176506669
444,1307,1570,1080,41710.0,"(1020.0, 1560.0]",38.620370370370374,1.2012241775057384,10.638520161969526
445,1628,1959,890,71480.0,"(850.0, 1020.0]",80.31460674157303,1.2033169533169532,11.177186959102759
446,1556,1869,1000,33010.0,"(850.0, 1020.0]",33.01,1.2011568123393317,10.404596118238738
447,1179,1428,1290,74570.0,"(1020.0, 1560.0]",57.8062015503876,1.2111959287531806,11.219506970666512
448,1768,2123,860,49590.0,"(850.0, 1020.0]",57.66279069767442,1.2007918552036199,10.81156464463578
449,1378,1656,1010,73170.0,"(850.0, 1020.0]",72.44554455445545,1.2017416545718433,11.20055444658802
450,1685,2015,1160,79220.0,"(1020.0, 1560.0]",68.29310344827586,1.195845697329377,11.279996694171219
451,1474,1759,880,75880.0,"(850.0, 1020.0]",86.22727272727273,1.1933514246947083,11.236921602665328
452,1794,2137,670,67610.0,"(560.0, 710.0]",100.91044776119404,1.1911928651059085,11.121525970686776
453,1086,1291,930,69090.0,"(850.0, 1020.0]",74.29032258064517,1.1887661141804788,11.143179755252751
454,1808,2154,990,35220.0,"(850.0, 1020.0]",35.57575757575758,1.1913716814159292,10.469397774605671
455,1501,1790,450,53940.0,"(9.999, 560.0]",119.86666666666666,1.1925383077948035,10.895646135639412
456,1353,1598,690,56660.0,"(560.0, 710.0]",82.1159420289855,1.181079083518108,10.944841422363956
457,1455,1757,650,67520.0,"(560.0, 710.0]",103.87692307692308,1.2075601374570446,11.120193939586706
458,1165,1411,1020,38620.0,"(850.0, 1020.0]",37.86274509803921,1.211158798283262,10.561551448966803
459,1332,1610,880,38890.0,"(850.0, 1020.0]",44.19318181818182,1.2087087087087087,10.568518140370246
460,1396,1668,760,79270.0,"(710.0, 850.0]",104.30263157894737,1.1948424068767909,11.280627640864537
461,1513,1821,690,42880.0,"(560.0, 710.0]",62.14492753623188,1.2035690680766689,10.666184116368278
462,1618,1940,630,44240.0,"(560.0, 710.0]",70.22222222222223,1.1990111248454882,10.69740723991905
463,1845,2233,370,43190.0,"(9.999, 560.0]",116.72972972972973,1.2102981029810298,10.673387419194466
464,1172,1411,460,74550.0,"(9.999, 560.0]",162.06521739130434,1.203924914675768,11.21923873391915
465,1436,1737,770,57090.0,"(710.0, 850.0]",74.14285714285714,1.2096100278551531,10.952401765007385
466,1738,2065,750,56480.0,"(710.0, 850.0]",75.30666666666667,1.1881472957422325,10.941659577392821
467,2229,2667,660,87410.0,"(560.0, 710.0]",132.43939393939394,1.19650067294751,11.378376411847727
468,1490,1783,730,81370.0,"(710.0, 850.0]",111.46575342465754,1.1966442953020133,11.306774223156788
469,1060,1279,670,97360.0,"(560.0, 710.0]",145.3134328358209,1.2066037735849056,11.486180998767248
470,2015,2436,680,77960.0,"(560.0, 710.0]",114.6470588235294,1.2089330024813896,11.263963980630047
471,1611,1919,960,71240.0,"(850.0, 1020.0]",74.20833333333333,1.191185599006828,11.173823774362912
472,1187,1417,1230,58940.0,"(1020.0, 1560.0]",47.91869918699187,1.1937657961246841,10.984292222554274
473,1430,1690,800,78950.0,"(710.0, 850.0]",98.6875,1.1818181818181819,11.27658268584803
474,1543,1840,450,36380.0,"(9.999, 560.0]",80.84444444444445,1.1924821775761503,10.501801939324901
475,1836,2195,940,45160.0,"(850.0, 1020.0]",48.04255319148936,1.1955337690631809,10.71798916150825
476,1463,1764,1060,69050.0,"(1020.0, 1560.0]",65.14150943396227,1.2057416267942584,11.142600640991803
477,1213,1462,560,56830.0,"(9.999, 560.0]",101.48214285714286,1.2052761747732894,10.947837230476315
478,1244,1480,860,93530.0,"(850.0, 1020.0]",108.75581395348837,1.189710610932476,11.446048211128096
479,1745,2108,730,46920.0,"(710.0, 850.0]",64.27397260273973,1.2080229226361032,10.756220615413271
480,933,1121,940,55990.0,"(850.0, 1020.0]",59.56382978723404,1.2015005359056805,10.932946242515648
481,1764,2132,920,40840.0,"(850.0, 1020.0]",44.391304347826086,1.2086167800453516,10.617441757777067
482,1675,2002,1050,64990.0,"(1020.0, 1560.0]",61.89523809523809,1.195223880597015,11.082004077752629
483,1688,2046,380,53550.0,"(9.999, 560.0]",140.92105263157896,1.212085308056872,10.888389749837856
484,1842,2204,930,51320.0,"(850.0, 1020.0]",55.18279569892473,1.1965255157437569,10.845855304120402
485,1316,1597,980,36560.0,"(850.0, 1020.0]",37.30612244897959,1.2135258358662615,10.506737377491612
486,1440,1719,580,66050.0,"(560.0, 710.0]",113.87931034482759,1.19375,11.098182449881282
487,1760,2111,680,52400.0,"(560.0, 710.0]",77.05882352941177,1.1994318181818182,10.866680954096502
488,1323,1571,850,27970.0,"(710.0, 850.0]",32.90588235294118,1.1874527588813304,10.23892353814896
489,1230,1466,730,67100.0,"(710.0, 850.0]",91.91780821917808,1.191869918699187,11.11395422597838
490,1540,1838,570,43710.0,"(560.0, 710.0]",76.6842105263158,1.1935064935064934,10.685355065655601
491,1167,1388,620,38600.0,"(560.0, 710.0]",62.25806451612903,1.1893744644387318,10.5610334618531
492,1429,1695,890,53890.0,"(850.0, 1020.0]",60.550561797752806,1.186144156752974,10.894718767073803
493,1491,1770,800,52610.0,"(710.0, 850.0]",65.7625,1.187122736418511,10.870680502337402
494,1313,1574,920,43130.0,"(850.0, 1020.0]",46.880434782608695,1.1987814166031987,10.671997275090702
495,1609,1943,920,40300.0,"(850.0, 1020.0]",43.80434782608695,1.2075823492852704,10.604131561522696
496,1109,1342,760,49750.0,"(710.0, 850.0]",65.46052631578948,1.2100991884580703,10.81478584288724
497,1207,1440,500,43840.0,"(9.999, 560.0]",87.68,1.1930405965202984,10.688324731580726
498,902,1087,680,56820.0,"(560.0, 710.0]",83.55882352941177,1.20509977827051,10.947661254690129
499,1191,1422,770,36350.0,"(710.0, 850.0]",47.20779220779221,1.1939546599496222,10.500976992899632
500,1335,1601,460,50820.0,"(9.999, 560.0]",110.47826086956522,1.199250936329588,10.836064933972965
501,1382,1660,1070,83720.0,"(1020.0, 1560.0]",78.24299065420561,1.2011577424023154,11.335245121065762
502,1588,1906,450,46970.0,"(9.999, 560.0]",104.37777777777778,1.2002518891687657,10.757285668979632
503,1918,2284,310,78020.0,"(9.999, 560.0]",251.67741935483872,1.1908237747653807,11.26473330020486
504,1484,1774,880,45080.0,"(850.0, 1020.0]",51.22727272727273,1.1954177897574123,10.716216150693835
505,1334,1607,370,55160.0,"(9.999, 560.0]",149.0810810810811,1.2046476761619191,10.918011460821951
506,1556,1846,760,72020.0,"(710.0, 850.0]",94.76315789473684,1.186375321336761,11.184713022138405
507,1784,2142,950,64010.0,"(850.0, 1020.0]",67.37894736842105,1.2006726457399104,11.066810222572993
508,1244,1477,890,27840.0,"(850.0, 1020.0]",31.280898876404493,1.187299035369775,10.234265033343494
509,1496,1787,800,58070.0,"(710.0, 850.0]",72.5875,1.1945187165775402,10.969421678813655
510,1719,2058,700,51760.0,"(560.0, 710.0]",73.94285714285714,1.1972076788830714,10.854392248926331
511,1678,2022,1050,66050.0,"(1020.0, 1560.0]",62.904761904761905,1.2050059594755662,11.098182449881282
512,1247,1490,330,65750.0,"(9.999, 560.0]",199.24242424242425,1.1948676824378508,11.093630159049829
513,1191,1421,980,65820.0,"(850.0, 1020.0]",67.16326530612245,1.1931150293870696,11.09469421533239
514,1832,2208,1090,46760.0,"(1020.0, 1560.0]",42.89908256880734,1.205240174672489,10.752804801157161
515,1271,1523,1140,50940.0,"(1020.0, 1560.0]",44.68421052631579,1.1982690794649882,10.838423379279122
516,1735,2084,820,56440.0,"(710.0, 850.0]",68.82926829268293,1.2011527377521614,10.940951123740335
517,1627,1948,890,32610.0,"(850.0, 1020.0]",36.640449438202246,1.1972956361401352,10.39240493375324
518,1351,1616,650,62770.0,"(560.0, 710.0]",96.56923076923077,1.1961509992598076,11.047248462361992
519,1520,1817,850,63600.0,"(710.0, 850.0]",74.82352941176471,1.1953947368421052,11.060384472475045
520,1490,1788,360,45840.0,"(9.999, 560.0]",127.33333333333333,1.2,10.732934166159403
521,1777,2117,780,38280.0,"(710.0, 850.0]",49.07692307692308,1.1913337084974676,10.552708968527668
522,1688,2037,590,50960.0,"(560.0, 710.0]",86.37288135593221,1.2067535545023698,10.838815913287421
523,1537,1836,670,39480.0,"(560.0, 710.0]",58.92537313432836,1.1945348080676643,10.583574822507286
524,1622,1968,340,69610.0,"(9.999, 560.0]",204.73529411764707,1.2133168927250308,11.150677879811573
525,1148,1384,730,47800.0,"(710.0, 850.0]",65.47945205479452,1.2055749128919862,10.774801838762809
526,1001,1194,1210,44890.0,"(1020.0, 1560.0]",37.099173553719005,1.1928071928071928,10.711992608204175
527,1857,2236,1280,67420.0,"(1020.0, 1560.0]",52.671875,1.2040926225094237,11.118711821072
528,1552,1869,710,78870.0,"(560.0, 710.0]",111.08450704225352,1.2042525773195876,11.275568885403835
529,1700,2064,940,70310.0,"(850.0, 1020.0]",74.79787234042553,1.2141176470588235,11.160683537819985
530,1554,1844,670,38530.0,"(560.0, 710.0]",57.507462686567166,1.1866151866151866,10.559218391085642
531,1482,1777,800,77570.0,"(710.0, 850.0]",96.9625,1.199055330634278,11.258948924983619
532,1275,1517,790,59920.0,"(710.0, 850.0]",75.84810126582279,1.1898039215686274,11.0007823069704
533,1642,1981,720,54450.0,"(710.0, 850.0]",75.625,1.2064555420219245,10.905056493665374
534,1381,1633,1270,50250.0,"(1020.0, 1560.0]",39.56692913385827,1.1824764663287473,10.824785726220822
535,1381,1634,930,30790.0,"(850.0, 1020.0]",33.10752688172043,1.1832005792903693,10.334977718468442
536,1057,1262,1490,35420.0,"(1020.0, 1560.0]",23.77181208053691,1.1939451277199622,10.47506014357522
537,1192,1445,810,43470.0,"(710.0, 850.0]",53.666666666666664,1.212248322147651,10.679849328089071
538,1601,1920,600,61000.0,"(560.0, 710.0]",101.66666666666667,1.1992504684572143,11.0186455364637
539,1622,1968,210,64780.0,"(9.999, 560.0]",308.4761904761905,1.2133168927250308,11.078767629469402
540,1607,1909,460,39030.0,"(9.999, 560.0]",84.84782608695652,1.1879278158058495,10.572111481163375
541,2214,2647,740,65900.0,"(710.0, 850.0]",89.05405405405405,1.1955736224028908,11.095908894882296
542,1633,1936,1320,46050.0,"(1020.0, 1560.0]",34.88636363636363,1.1855480710349051,10.737504756974277
543,1546,1845,760,59070.0,"(710.0, 850.0]",77.72368421052632,1.1934023285899094,10.986495389225194
544,1475,1753,920,44670.0,"(850.0, 1020.0]",48.55434782608695,1.1884745762711864,10.707079800484669
545,1270,1519,920,58390.0,"(850.0, 1020.0]",63.46739130434783,1.1960629921259842,10.974917047351175
546,1185,1420,880,80370.0,"(850.0, 1020.0]",91.32954545454545,1.1983122362869199,11.294408693583009
547,1614,1938,1110,53230.0,"(1020.0, 1560.0]",47.95495495495496,1.2007434944237918,10.882396212388988
548,1141,1353,1370,72000.0,"(1020.0, 1560.0]",52.55474452554745,1.1858019281332164,11.184435286790631
549,1244,1481,410,84040.0,"(9.999, 560.0]",204.97560975609755,1.1905144694533762,11.339060053983811
550,869,1050,850,52540.0,"(710.0, 850.0]",61.811764705882354,1.2082853855005753,10.869349096176029
551,2049,2465,720,63510.0,"(710.0, 850.0]",88.20833333333333,1.2030258662762323,11.058968398224943
552,1883,2262,570,42240.0,"(560.0, 710.0]",74.10526315789474,1.2012745618693574,10.651146592342338
553,1526,1842,690,39580.0,"(560.0, 710.0]",57.36231884057971,1.2070773263433814,10.586104484122892
554,1165,1390,1220,54610.0,"(1020.0, 1560.0]",44.76229508196721,1.1931330472103003,10.907990606643073
555,1832,2185,840,87330.0,"(710.0, 850.0]",103.96428571428571,1.1926855895196506,11.377460776160952
556,1723,2072,560,88410.0,"(9.999, 560.0]",157.875,1.2025536854323853,11.389751675273558
557,932,1138,820,89760.0,"(710.0, 850.0]",109.46341463414635,1.2210300429184548,11.404905861514429
558,1137,1374,700,101780.0,"(560.0, 710.0]",145.4,1.20844327176781,11.530578725207546
559,1231,1472,810,70290.0,"(710.0, 850.0]",86.77777777777777,1.1957757920389926,11.160399046843542
560,1237,1512,1070,88210.0,"(1020.0, 1560.0]",82.4392523364486,1.2223120452708165,11.387486950771708
561,1371,1650,540,87160.0,"(9.999, 560.0]",161.40740740740742,1.2035010940919038,11.375512262145563
562,1767,2158,530,41540.0,"(9.999, 560.0]",78.37735849056604,1.2212790039615167,10.634436170322823
563,1748,2092,580,49170.0,"(560.0, 710.0]",84.77586206896552,1.196796338672769,10.80305929780341
564,1212,1440,500,63950.0,"(9.999, 560.0]",127.9,1.188118811881188,11.065872444101304
565,1466,1743,1200,70810.0,"(1020.0, 1560.0]",59.00833333333333,1.188949522510232,11.167769634845211
566,1152,1386,980,49590.0,"(850.0, 1020.0]",50.60204081632653,1.203125,10.81156464463578
567,1439,1703,1000,67290.0,"(850.0, 1020.0]",67.29,1.1834607366226546,11.11678177712113
568,2026,2400,720,51240.0,"(710.0, 850.0]",71.16666666666667,1.1846001974333662,10.84429527182336
569,1772,2146,1030,48540.0,"(1020.0, 1560.0]",47.12621359223301,1.2110609480812642,10.790164080634103
570,1511,1822,420,72410.0,"(9.999, 560.0]",172.4047619047619,1.2058239576439445,11.190113500534709
571,1199,1461,1070,54370.0,"(1020.0, 1560.0]",50.81308411214953,1.218515429524604,10.903586202466688
572,1834,2184,830,94460.0,"(710.0, 850.0]",113.80722891566265,1.1908396946564885,11.455942329885708
573,1143,1375,940,85160.0,"(850.0, 1020.0]",90.59574468085107,1.2029746281714786,11.352298861540632
574,1494,1794,550,52130.0,"(9.999, 560.0]",94.78181818181818,1.2008032128514057,10.861515060390364
575,1770,2131,1140,54650.0,"(1020.0, 1560.0]",47.93859649122807,1.203954802259887,10.908722791698938
576,1455,1747,750,69320.0,"(710.0, 850.0]",92.42666666666666,1.2006872852233677,11.146503169576617
577,1141,1372,620,51480.0,"(560.0, 710.0]",83.03225806451613,1.2024539877300613,10.848968086540825
578,1586,1886,660,50060.0,"(560.0, 710.0]",75.84848484848484,1.189155107187894,10.820997540815013
579,1701,2034,660,62180.0,"(560.0, 710.0]",94.21212121212122,1.1957671957671958,11.037804765825014
580,1860,2246,410,79780.0,"(9.999, 560.0]",194.58536585365854,1.20752688172043,11.287040659850634
581,1167,1406,440,42860.0,"(9.999, 560.0]",97.4090909090909,1.2047986289631534,10.665717600533268
582,1424,1716,630,54410.0,"(560.0, 710.0]",86.36507936507937,1.2050561797752808,10.904321618285532
583,1710,2053,730,69390.0,"(710.0, 850.0]",95.05479452054794,1.2005847953216375,11.147512455088211
584,1408,1708,220,42810.0,"(9.999, 560.0]",194.5909090909091,1.2130681818181819,10.664550357894438
585,1517,1831,610,30840.0,"(560.0, 710.0]",50.557377049180324,1.2069874752801582,10.336600252573104
586,1227,1476,720,56260.0,"(710.0, 850.0]",78.13888888888889,1.2029339853300733,10.937756856503727
587,1609,1930,740,76470.0,"(710.0, 850.0]",103.33783783783784,1.199502796768179,11.244666862976437
588,1553,1831,740,35680.0,"(710.0, 850.0]",48.21621621621622,1.1790083708950418,10.482373613207029
589,1814,2174,770,90070.0,"(710.0, 850.0]",116.97402597402598,1.1984564498346195,11.40835352719201
590,1240,1493,590,33120.0,"(560.0, 710.0]",56.13559322033898,1.2040322580645162,10.407922801280105
591,1206,1437,1330,54060.0,"(1020.0, 1560.0]",40.64661654135338,1.191542288557214,10.897868317624576
592,1847,2186,910,75120.0,"(850.0, 1020.0]",82.54945054945055,1.1835408770979967,11.226855425827619
593,1009,1202,330,41600.0,"(9.999, 560.0]",126.06060606060606,1.191278493557978,10.635879484421974
594,1624,1946,870,20270.0,"(850.0, 1020.0]",23.298850574712645,1.1982758620689655,9.916946572220285
595,1612,1931,790,60060.0,"(710.0, 850.0]",76.0253164556962,1.1978908188585609,11.003115991415362
596,1498,1805,1270,82270.0,"(1020.0, 1560.0]",64.77952755905511,1.204939919893191,11.317773955188168
597,946,1125,590,29170.0,"(560.0, 710.0]",49.440677966101696,1.1892177589852009,10.280930344070526
598,1563,1872,1080,68420.0,"(1020.0, 1560.0]",63.351851851851855,1.1976967370441458,11.13343507403426
599,1664,2016,830,59130.0,"(710.0, 850.0]",71.24096385542168,1.2115384615384615,10.98751060056093
600,1619,1947,910,74330.0,"(850.0, 1020.0]",81.68131868131869,1.2025941939468807,11.216283371146936
601,1433,1722,830,77080.0,"(710.0, 850.0]",92.86746987951807,1.2016748080949058,11.252612095978138
602,1241,1489,1380,76250.0,"(1020.0, 1560.0]",55.2536231884058,1.1998388396454471,11.24178580913776
603,1429,1720,1180,59540.0,"(1020.0, 1560.0]",50.45762711864407,1.2036389083275016,10.994420429860368
604,1241,1488,770,54690.0,"(710.0, 850.0]",71.02597402597402,1.1990330378726832,10.909454441052057
605,1078,1306,680,84360.0,"(560.0, 710.0]",124.05882352941177,1.2115027829313543,11.342860488481676
606,1690,2065,910,51420.0,"(850.0, 1020.0]",56.505494505494504,1.2218934911242603,10.847801928316501
607,1289,1536,540,65120.0,"(9.999, 560.0]",120.5925925925926,1.191621411947246,11.084002356823872
608,1581,1894,760,49380.0,"(710.0, 850.0]",64.97368421052632,1.1979759645793802,10.80732101380793
609,1608,1945,760,37830.0,"(710.0, 850.0]",49.776315789473685,1.2095771144278606,10.540884151324754
610,1344,1608,730,35980.0,"(710.0, 850.0]",49.28767123287671,1.1964285714285714,10.490746300336754
611,1513,1804,430,69190.0,"(9.999, 560.0]",160.90697674418604,1.192333113020489,11.144626075344043
612,1529,1839,1000,50590.0,"(850.0, 1020.0]",50.59,1.2027468933943755,10.831528973842945
613,1677,2014,660,60800.0,"(560.0, 710.0]",92.12121212121212,1.2009540846750149,11.015361515187424
614,1015,1229,930,31180.0,"(850.0, 1020.0]",33.526881720430104,1.2108374384236453,10.347564213938401
615,1438,1751,760,77790.0,"(710.0, 850.0]",102.35526315789474,1.217663421418637,11.26178102224096
616,1426,1718,370,47570.0,"(9.999, 560.0]",128.56756756756758,1.2047685834502104,10.769978610857677
617,1412,1701,630,69130.0,"(560.0, 710.0]",109.73015873015873,1.204674220963173,11.14375853433447
618,1622,1944,360,75970.0,"(9.999, 560.0]",211.02777777777777,1.1985203452527744,11.238106967501329
619,1503,1791,630,68350.0,"(560.0, 710.0]",108.4920634920635,1.1916167664670658,11.132411472622978
620,1501,1789,670,41680.0,"(560.0, 710.0]",62.208955223880594,1.1918720852764824,10.637800668461894
621,1971,2342,690,86560.0,"(560.0, 710.0]",125.44927536231884,1.1882293252156266,11.368604646693798
622,1383,1687,830,81390.0,"(710.0, 850.0]",98.06024096385542,1.2198120028922632,11.307019980767294
623,1371,1635,720,50730.0,"(710.0, 850.0]",70.45833333333333,1.1925601750547046,10.834292442568305
624,1508,1823,520,71290.0,"(9.999, 560.0]",137.09615384615384,1.2088859416445623,11.174525371226087
625,1057,1284,750,70110.0,"(710.0, 850.0]",93.48,1.2147587511825921,11.157834979399821
626,1411,1680,1070,61590.0,"(1020.0, 1560.0]",57.5607476635514,1.190644932671864,11.028271034951294
627,1466,1746,590,69370.0,"(560.0, 710.0]",117.57627118644068,1.1909959072305594,11.147224191728812
628,1545,1888,600,67110.0,"(560.0, 710.0]",111.85,1.2220064724919093,11.114103243950224
629,2044,2408,380,82020.0,"(9.999, 560.0]",215.8421052631579,1.178082191780822,11.314730591019984
630,1887,2264,830,62050.0,"(710.0, 850.0]",74.75903614457832,1.1997880233174352,11.035711906538346
631,1505,1836,940,61730.0,"(850.0, 1020.0]",65.67021276595744,1.2199335548172758,11.03054151483554
632,1422,1722,560,58660.0,"(9.999, 560.0]",104.75,1.2109704641350212,10.979530389777885
633,1564,1869,1030,53370.0,"(1020.0, 1560.0]",51.81553398058252,1.1950127877237853,10.885022806270683
634,1510,1810,730,39700.0,"(710.0, 850.0]",54.38356164383562,1.1986754966887416,10.589131655274922
635,1568,1920,890,53750.0,"(850.0, 1020.0]",60.39325842696629,1.2244897959183674,10.892117550468008
636,1933,2338,1140,44730.0,"(1020.0, 1560.0]",39.23684210526316,1.2095188825659597,10.70842205253738
637,1501,1822,590,49350.0,"(560.0, 710.0]",83.64406779661017,1.2138574283810792,10.806713308080846
638,1593,1911,580,43340.0,"(560.0, 710.0]",74.72413793103448,1.1996233521657251,10.676854348197491
639,1812,2189,310,78090.0,"(9.999, 560.0]",251.90322580645162,1.2080573951434879,11.265630092311698
640,1580,1895,720,54950.0,"(710.0, 850.0]",76.31944444444444,1.1993670886075949,10.914197158028326
641,1440,1749,490,75530.0,"(9.999, 560.0]",154.14285714285714,1.2145833333333333,11.232298446992125
642,1100,1331,1010,57330.0,"(850.0, 1020.0]",56.76237623762376,1.21,10.95659676862489
643,1534,1841,680,87930.0,"(560.0, 710.0]",129.30882352941177,1.2001303780964798,11.384307694991195
644,1299,1555,1020,56850.0,"(850.0, 1020.0]",55.73529411764706,1.1970746728252502,10.948189089173493
645,1767,2121,1050,78430.0,"(1020.0, 1560.0]",74.6952380952381,1.2003395585738539,11.269974536348558
646,1368,1649,740,63660.0,"(710.0, 850.0]",86.02702702702703,1.2054093567251463,11.061327409163853
647,1393,1670,410,62960.0,"(9.999, 560.0]",153.5609756097561,1.198851399856425,11.05027076606553
648,1327,1590,770,81870.0,"(710.0, 850.0]",106.32467532467533,1.1981914091936698,11.312900116782279
649,1514,1794,1400,54820.0,"(1020.0, 1560.0]",39.15714285714286,1.1849405548216645,10.911828611208097
650,1989,2414,860,109886.25,"(850.0, 1020.0]",135.25581395348837,1.2136752136752136,11.607210119102813
651,1334,1584,840,57200.0,"(710.0, 850.0]",68.0952380952381,1.1874062968515742,10.954326659732555
652,1533,1817,950,84360.0,"(850.0, 1020.0]",88.8,1.1852576647097195,11.342860488481676
653,1809,2145,940,36530.0,"(850.0, 1020.0]",38.861702127659576,1.185737976782753,10.505916494175118
654,1607,1933,930,81260.0,"(850.0, 1020.0]",87.3763440860215,1.2028624766645923,11.305421475643698
655,1165,1387,1060,82350.0,"(1020.0, 1560.0]",77.68867924528301,1.190557939914163,11.31874587882289
656,1193,1430,560,80830.0,"(9.999, 560.0]",144.33928571428572,1.198658843252305,11.300115834295553
657,1709,2065,670,30610.0,"(560.0, 710.0]",45.6865671641791,1.208308952603862,10.329114700468233
658,1525,1839,540,51310.0,"(9.999, 560.0]",95.01851851851852,1.2059016393442623,10.845660433124383
659,1348,1623,1010,72940.0,"(850.0, 1020.0]",72.21782178217822,1.204005934718101,11.197406174167238
660,1132,1366,1340,52450.0,"(1020.0, 1560.0]",39.14179104477612,1.2067137809187278,10.867634679419623
661,1667,2020,980,66070.0,"(850.0, 1020.0]",67.41836734693878,1.2117576484703059,11.09848520037178
662,1427,1720,630,43190.0,"(560.0, 710.0]",68.55555555555556,1.2053258584442887,10.673387419194466
663,1211,1447,1110,40730.0,"(1020.0, 1560.0]",36.693693693693696,1.194880264244426,10.614744752268392
664,1717,2048,700,78530.0,"(560.0, 710.0]",112.18571428571428,1.1927781013395458,11.271248730274856
665,1766,2111,580,94690.0,"(560.0, 710.0]",163.25862068965517,1.195356738391846,11.458374237699054
666,1086,1299,1050,44400.0,"(1020.0, 1560.0]",42.285714285714285,1.1961325966850829,10.70101727068921
667,1410,1692,790,73800.0,"(710.0, 850.0]",93.41772151898734,1.2,11.209127560632263
668,1476,1760,600,37390.0,"(560.0, 710.0]",62.31666666666667,1.1924119241192412,10.529185312732531
669,1068,1278,440,64120.0,"(9.999, 560.0]",145.72727272727272,1.196629213483146,11.06852720235983
670,1485,1785,1340,66160.0,"(1020.0, 1560.0]",49.37313432835821,1.202020202020202,11.099846444456379
671,1461,1739,1250,22310.0,"(1020.0, 1560.0]",17.848,1.190280629705681,10.01283510937141
672,1685,2010,990,62380.0,"(850.0, 1020.0]",63.01010101010101,1.1928783382789319,11.041016020812398
673,1624,1958,290,63850.0,"(9.999, 560.0]",220.17241379310346,1.2056650246305418,11.064307523045168
674,1658,2000,350,36210.0,"(9.999, 560.0]",103.45714285714286,1.2062726176115801,10.497118219058828
675,1427,1677,210,54590.0,"(9.999, 560.0]",259.95238095238096,1.1751927119831815,10.907624312981353
676,1755,2072,810,69610.0,"(710.0, 850.0]",85.93827160493827,1.1806267806267807,11.150677879811573
677,1211,1472,790,65390.0,"(710.0, 850.0]",82.77215189873418,1.2155243600330305,11.088139913296622
678,1591,1896,780,78130.0,"(710.0, 850.0]",100.16666666666667,1.191703331238215,11.266142184089734
679,1797,2126,730,55710.0,"(710.0, 850.0]",76.31506849315069,1.183082915971063,10.927932892952485
680,1519,1823,1040,69210.0,"(1020.0, 1560.0]",66.54807692307692,1.2001316655694536,11.144915088510604
681,1637,1958,760,59940.0,"(710.0, 850.0]",78.86842105263158,1.196090409285278,11.001116024081504
682,1451,1750,570,72550.0,"(560.0, 710.0]",127.28070175438596,1.206064782908339,11.19204504181486
683,1203,1446,620,44260.0,"(560.0, 710.0]",71.38709677419355,1.201995012468828,10.697859207113927
684,1884,2262,310,56910.0,"(9.999, 560.0]",183.58064516129033,1.2006369426751593,10.949243923047078
685,1540,1820,310,82390.0,"(9.999, 560.0]",265.7741935483871,1.1818181818181819,11.319231486631294
686,1121,1332,790,54590.0,"(710.0, 850.0]",69.10126582278481,1.1882247992863515,10.907624312981353
687,1307,1562,490,69990.0,"(9.999, 560.0]",142.83673469387756,1.1951032899770466,11.15612194133691
688,1475,1775,230,72740.0,"(9.999, 560.0]",316.2608695652174,1.2033898305084745,11.194660466040654
689,1160,1401,900,35360.0,"(850.0, 1020.0]",39.28888888888889,1.2077586206896551,10.473364796894678
690,1078,1276,640,94370.0,"(560.0, 710.0]",147.453125,1.183673469387755,11.454989101547135
691,1191,1436,840,43520.0,"(710.0, 850.0]",51.80952380952381,1.205709487825357,10.680998859207012
692,1317,1569,780,36000.0,"(710.0, 850.0]",46.15384615384615,1.1913439635535308,10.491301994830229
693,1548,1858,480,99480.0,"(9.999, 560.0]",207.25,1.2002583979328165,11.507721950138631
694,1560,1883,1040,83220.0,"(1020.0, 1560.0]",80.01923076923077,1.207051282051282,11.329254998806961
695,1297,1529,870,52940.0,"(850.0, 1020.0]",60.85057471264368,1.1788743253662297,10.876933364911343
696,1645,1958,530,93360.0,"(9.999, 560.0]",176.1509433962264,1.190273556231003,11.444228978128438
697,1225,1455,750,73590.0,"(710.0, 850.0]",98.12,1.1877551020408164,11.206278014631144
698,1421,1704,840,53840.0,"(710.0, 850.0]",64.0952380952381,1.1991555242786769,10.893790537697386
699,1655,1956,800,47350.0,"(710.0, 850.0]",59.1875,1.1818731117824774,10.765343217715396
700,1615,1928,660,65080.0,"(560.0, 710.0]",98.60606060606061,1.1938080495356038,11.083387926918672
701,1872,2262,560,62050.0,"(9.999, 560.0]",110.80357142857143,1.2083333333333333,11.035711906538346
702,1317,1581,910,30020.0,"(850.0, 1020.0]",32.989010989010985,1.2004555808656037,10.309652415758565
703,1434,1729,480,49510.0,"(9.999, 560.0]",103.14583333333333,1.205718270571827,10.809950146091303
704,1791,2167,700,64320.0,"(560.0, 710.0]",91.88571428571429,1.2099385817978783,11.071641450995672
705,932,1120,660,35590.0,"(560.0, 710.0]",53.92424242424242,1.201716738197425,10.479848075889779
706,1609,1924,1170,63050.0,"(1020.0, 1560.0]",53.888888888888886,1.1957737725295214,11.051699201695522
707,1495,1793,1020,65300.0,"(850.0, 1020.0]",64.01960784313725,1.1993311036789298,11.086762629082946
708,1769,2153,580,69560.0,"(560.0, 710.0]",119.93103448275862,1.217071791972866,11.14995934444309
709,1693,2032,610,41910.0,"(560.0, 710.0]",68.70491803278688,1.2002362669816893,10.643303601288238
710,1247,1497,590,28330.0,"(560.0, 710.0]",48.016949152542374,1.2004811547714516,10.251711890471977
711,1502,1815,190,55980.0,"(9.999, 560.0]",294.63157894736844,1.2083888149134487,10.93276762643258
712,1360,1612,490,61080.0,"(9.999, 560.0]",124.65306122448979,1.1852941176470588,11.019956131169735
713,1542,1844,680,51380.0,"(560.0, 710.0]",75.55882352941177,1.1958495460440985,10.847023733300478
714,1631,1947,670,84410.0,"(560.0, 710.0]",125.98507462686567,1.1937461679950951,11.343453003845157
715,1246,1482,1070,60680.0,"(1020.0, 1560.0]",56.71028037383178,1.189406099518459,11.013385913221205
716,1990,2384,1110,64690.0,"(1020.0, 1560.0]",58.27927927927928,1.1979899497487436,11.077377367258327
717,967,1154,560,45780.0,"(9.999, 560.0]",81.75,1.1933815925542917,10.731624436867815
718,1582,1894,1100,41800.0,"(1020.0, 1560.0]",38.0,1.1972187104930467,10.640675541671662
719,1430,1743,970,53230.0,"(850.0, 1020.0]",54.876288659793815,1.2188811188811188,10.882396212388988
720,1827,2160,930,36160.0,"(850.0, 1020.0]",38.88172043010753,1.1822660098522169,10.49573646899098
721,1118,1338,1040,40450.0,"(1020.0, 1560.0]",38.89423076923077,1.1967799642218246,10.60784664405992
722,1766,2109,1120,57910.0,"(1020.0, 1560.0]",51.705357142857146,1.194224235560589,10.966662628245496
723,1799,2173,910,36280.0,"(850.0, 1020.0]",39.86813186813187,1.207893274041134,10.499049467245019
724,1167,1411,440,39190.0,"(9.999, 560.0]",89.06818181818181,1.209083119108826,10.57620240758158
725,1493,1795,530,62380.0,"(9.999, 560.0]",117.69811320754717,1.202277294038848,11.041016020812398
726,1445,1734,900,21470.0,"(850.0, 1020.0]",23.855555555555554,1.2,9.974458466406707
727,1033,1237,740,34610.0,"(710.0, 850.0]",46.770270270270274,1.1974830590513068,10.451926829595399
728,1440,1711,1020,88120.0,"(850.0, 1020.0]",86.3921568627451,1.1881944444444446,11.386466149013488
729,1487,1773,970,59190.0,"(850.0, 1020.0]",61.02061855670103,1.1923335574983187,10.98852478228779
730,1854,2205,890,36290.0,"(850.0, 1020.0]",40.7752808988764,1.1893203883495145,10.499325055627958
731,1748,2086,550,53760.0,"(9.999, 560.0]",97.74545454545455,1.1933638443935928,10.892303576214507
732,1937,2310,520,66300.0,"(9.999, 560.0]",127.5,1.1925658234383067,11.101960259016467
733,1641,1999,950,93000.0,"(850.0, 1020.0]",97.89473684210526,1.218159658744668,11.440365524765756
734,1659,1999,650,65660.0,"(560.0, 710.0]",101.01538461538462,1.2049427365883063,11.092260420912195
735,1743,2061,860,81930.0,"(850.0, 1020.0]",95.26744186046511,1.1824440619621341,11.31363270860269
736,1449,1733,320,60060.0,"(9.999, 560.0]",187.6875,1.1959972394755003,11.003115991415362
737,1098,1309,860,59530.0,"(850.0, 1020.0]",69.22093023255815,1.192167577413479,10.99425246425933
738,1121,1351,900,46380.0,"(850.0, 1020.0]",51.53333333333333,1.2051739518287243,10.744645171594767
739,1526,1858,550,76200.0,"(9.999, 560.0]",138.54545454545453,1.217562254259502,11.241129864948206
740,1358,1645,770,56860.0,"(710.0, 850.0]",73.84415584415585,1.211340206185567,10.948364972106267
741,1336,1616,710,86620.0,"(560.0, 710.0]",122.0,1.2095808383233533,11.369297559379882
742,1502,1802,840,49730.0,"(710.0, 850.0]",59.20238095238095,1.1997336884154461,10.814383760092976
743,1534,1858,860,88370.0,"(850.0, 1020.0]",102.75581395348837,1.211212516297262,11.389299140505509
744,1418,1699,870,49160.0,"(850.0, 1020.0]",56.50574712643678,1.198166431593794,10.802855905214333
745,854,1018,660,77740.0,"(560.0, 710.0]",117.78787878787878,1.1920374707259953,11.26113806771427
746,1450,1728,930,38560.0,"(850.0, 1020.0]",41.46236559139785,1.1917241379310344,10.55999668199817
747,1474,1776,1020,51990.0,"(850.0, 1020.0]",50.970588235294116,1.2048846675712348,10.858825905660948
748,1524,1819,1190,39970.0,"(1020.0, 1560.0]",33.588235294117645,1.1935695538057742,10.595909470156478
749,1361,1638,1140,46040.0,"(1020.0, 1560.0]",40.3859649122807,1.2035268185157972,10.737287582843205
750,1398,1683,490,49500.0,"(9.999, 560.0]",101.0204081632653,1.203862660944206,10.809748150372926
751,1085,1308,1170,76670.0,"(1020.0, 1560.0]",65.52991452991454,1.2055299539170508,11.24727881937906
752,1660,1979,480,75800.0,"(9.999, 560.0]",157.91666666666666,1.1921686746987952,11.235866764155578
753,1648,2017,930,81720.0,"(850.0, 1020.0]",87.87096774193549,1.2239077669902914,11.311066285763198
754,1453,1749,890,58440.0,"(850.0, 1020.0]",65.66292134831461,1.2037164487267722,10.975772977285654
755,1323,1591,680,85720.0,"(560.0, 710.0]",126.05882352941177,1.2025699168556312,11.358853115408408
756,1385,1643,740,70940.0,"(710.0, 850.0]",95.86486486486487,1.1862815884476534,11.16960382464777
757,1250,1506,990,62420.0,"(850.0, 1020.0]",63.05050505050505,1.2048,11.041657036202691
758,1389,1683,680,56880.0,"(560.0, 710.0]",83.6470588235294,1.2116630669546435,10.948716645194592
759,1486,1758,820,101820.0,"(710.0, 850.0]",124.17073170731707,1.1830417227456258,11.530971648661291
760,1655,1993,440,86890.0,"(9.999, 560.0]",197.47727272727272,1.2042296072507552,11.37240973857126
761,1645,1963,900,47300.0,"(850.0, 1020.0]",52.55555555555556,1.1933130699088146,10.764286715905591
762,1464,1771,1080,31270.0,"(1020.0, 1560.0]",28.953703703703702,1.2096994535519126,10.350446429473651
763,1197,1428,830,65410.0,"(710.0, 850.0]",78.80722891566265,1.1929824561403508,11.08844571902063
764,1878,2264,310,54200.0,"(9.999, 560.0]",174.83870967741936,1.2055378061767839,10.900454637442037
765,1150,1378,730,67390.0,"(710.0, 850.0]",92.31506849315069,1.1982608695652175,11.11826675682705
766,1562,1881,740,54530.0,"(710.0, 850.0]",73.6891891891892,1.204225352112676,10.90652462628121
767,1596,1939,960,79760.0,"(850.0, 1020.0]",83.08333333333333,1.2149122807017543,11.286789942169964
768,1119,1345,790,78060.0,"(710.0, 850.0]",98.81012658227849,1.2019660411081323,11.265245851311018
769,1116,1347,700,74080.0,"(560.0, 710.0]",105.82857142857142,1.206989247311828,11.212914368149038
770,1934,2349,750,52990.0,"(710.0, 850.0]",70.65333333333334,1.2145811789038263,10.87787736679393
771,1299,1540,590,70580.0,"(560.0, 710.0]",119.62711864406779,1.1855273287143957,11.164516265448528
772,1417,1689,570,34310.0,"(560.0, 710.0]",60.19298245614035,1.191954834156669,10.443221281449327
773,1235,1503,660,74160.0,"(560.0, 710.0]",112.36363636363636,1.217004048582996,11.213993684506969
774,1497,1815,700,59190.0,"(560.0, 710.0]",84.55714285714286,1.2124248496993988,10.98852478228779
775,1430,1704,1070,43370.0,"(1020.0, 1560.0]",40.532710280373834,1.1916083916083917,10.677546293976553
776,1537,1877,660,17670.0,"(560.0, 710.0]",26.772727272727273,1.2212101496421601,9.779680156808055
777,1444,1742,840,56710.0,"(710.0, 850.0]",67.51190476190476,1.206371191135734,10.945723474426929
778,1477,1798,850,59820.0,"(710.0, 850.0]",70.37647058823529,1.2173324306025728,10.999112048861333
779,1041,1246,600,36190.0,"(560.0, 710.0]",60.31666666666667,1.196926032660903,10.49656574811856
780,1226,1472,710,60440.0,"(560.0, 710.0]",85.12676056338029,1.200652528548124,11.009422961584018
781,1489,1783,450,75300.0,"(9.999, 560.0]",167.33333333333334,1.1974479516453995,11.229248693912288
782,1549,1871,740,74080.0,"(710.0, 850.0]",100.10810810810811,1.2078760490639122,11.212914368149038
783,1073,1280,1240,60440.0,"(1020.0, 1560.0]",48.74193548387097,1.1929170549860204,11.009422961584018
784,1473,1785,570,80720.0,"(560.0, 710.0]",141.6140350877193,1.2118126272912424,11.298754043454222
785,2013,2396,580,47060.0,"(560.0, 710.0]",81.13793103448276,1.1902632886239444,10.75919991152435
786,1975,2368,450,86830.0,"(9.999, 560.0]",192.95555555555555,1.198987341772152,11.371718979745255
787,1561,1877,790,56790.0,"(710.0, 850.0]",71.88607594936708,1.202434336963485,10.947133141450378
788,1427,1723,1040,67090.0,"(1020.0, 1560.0]",64.50961538461539,1.207428170988087,11.11380518579687
789,1441,1747,670,44370.0,"(560.0, 710.0]",66.22388059701493,1.2123525329632199,10.700341381869716
790,1275,1548,370,82970.0,"(9.999, 560.0]",224.24324324324326,1.2141176470588235,11.326246428134814
791,1574,1876,620,56230.0,"(560.0, 710.0]",90.69354838709677,1.1918678526048285,10.937223485229126
792,1511,1791,1010,53760.0,"(850.0, 1020.0]",53.227722772277225,1.185307743216413,10.892303576214507
793,1428,1713,550,55390.0,"(9.999, 560.0]",100.7090909090909,1.199579831932773,10.922172404664506
794,1388,1672,800,73500.0,"(710.0, 850.0]",91.875,1.2046109510086456,11.205054290550551
795,1057,1280,610,41050.0,"(560.0, 710.0]",67.29508196721312,1.2109744560075686,10.622570475119794
796,1440,1747,1090,67320.0,"(1020.0, 1560.0]",61.76146788990825,1.2131944444444445,11.117227502621036
797,1349,1610,700,65890.0,"(560.0, 710.0]",94.12857142857143,1.1934766493699036,11.095757140602533
798,1536,1808,830,56380.0,"(710.0, 850.0]",67.92771084337349,1.1770833333333333,10.939887501296903
799,2019,2420,850,85670.0,"(710.0, 850.0]",100.78823529411764,1.1986131748390292,11.358269657587524
800,1236,1508,1260,70830.0,"(1020.0, 1560.0]",56.214285714285715,1.220064724919094,11.168052036959455
801,1436,1715,1030,48180.0,"(1020.0, 1560.0]",46.77669902912621,1.1942896935933147,10.782720031453678
802,1862,2248,1160,51910.0,"(1020.0, 1560.0]",44.75,1.2073039742212675,10.857285992746686
803,1200,1442,880,44320.0,"(850.0, 1020.0]",50.36363636363637,1.2016666666666667,10.699213884343516
804,1360,1650,420,58940.0,"(9.999, 560.0]",140.33333333333334,1.213235294117647,10.984292222554274
805,1722,2078,770,73610.0,"(710.0, 850.0]",95.59740259740259,1.2067363530778166,11.206549750071193
806,1577,1902,910,54060.0,"(850.0, 1020.0]",59.40659340659341,1.2060875079264426,10.897868317624576
807,1850,2214,1110,85000.0,"(1020.0, 1560.0]",76.57657657657657,1.1967567567567567,11.350418300109132
808,1447,1730,510,49030.0,"(9.999, 560.0]",96.13725490196079,1.1955770559778853,10.800208030113406
809,1496,1800,780,63300.0,"(710.0, 850.0]",81.15384615384616,1.2032085561497325,11.055656405795794
810,1679,2008,790,84300.0,"(710.0, 850.0]",106.70886075949367,1.1959499702203693,11.342149006315793
811,994,1194,1090,81390.0,"(1020.0, 1560.0]",74.6697247706422,1.2012072434607646,11.307019980767294
812,1354,1635,1270,95900.0,"(1020.0, 1560.0]",75.51181102362204,1.207533234859675,11.47107168834584
813,1597,1918,1260,71830.0,"(1020.0, 1560.0]",57.007936507936506,1.2010018785222292,11.18207141673165
814,1873,2252,330,79310.0,"(9.999, 560.0]",240.33333333333334,1.202349172450614,11.281132111748349
815,1218,1459,540,87890.0,"(9.999, 560.0]",162.75925925925927,1.1978653530377668,11.38385268935265
816,1458,1746,720,48610.0,"(710.0, 850.0]",67.51388888888889,1.1975308641975309,10.79160512172669
817,1546,1860,670,73160.0,"(560.0, 710.0]",109.19402985074628,1.203104786545925,11.200417771082792
818,1608,1962,770,36280.0,"(710.0, 850.0]",47.116883116883116,1.2201492537313432,10.499049467245019
819,1822,2160,860,49720.0,"(850.0, 1020.0]",57.81395348837209,1.1855104281009878,10.814182658053124
820,1716,2038,410,44400.0,"(9.999, 560.0]",108.29268292682927,1.1876456876456876,10.70101727068921
821,1072,1296,900,47590.0,"(850.0, 1020.0]",52.87777777777778,1.208955223880597,10.77039894671221
822,1330,1604,480,51460.0,"(9.999, 560.0]",107.20833333333333,1.2060150375939849,10.84857951821591
823,1588,1892,540,57750.0,"(9.999, 560.0]",106.94444444444444,1.1914357682619647,10.963895944251435
824,1425,1733,760,66000.0,"(710.0, 850.0]",86.84210526315789,1.216140350877193,11.097425172408931
825,1778,2133,280,45950.0,"(9.999, 560.0]",164.10714285714286,1.1996625421822271,10.735330890332664
826,1363,1630,1120,53900.0,"(1020.0, 1560.0]",48.125,1.1958914159941305,10.894904309600681
827,1609,1928,160,37920.0,"(9.999, 560.0]",237.0,1.1982597886886264,10.543260327329259
828,1671,2024,620,63100.0,"(560.0, 710.0]",101.7741935483871,1.211250748055057,11.052491896264268
829,1379,1636,440,36770.0,"(9.999, 560.0]",83.56818181818181,1.186366932559826,10.512464770009275
830,1218,1452,870,43910.0,"(850.0, 1020.0]",50.47126436781609,1.1921182266009853,10.689920137152056
831,1724,2101,900,66390.0,"(850.0, 1020.0]",73.76666666666667,1.218677494199536,11.10331678410918
832,986,1179,710,59160.0,"(560.0, 710.0]",83.32394366197182,1.195740365111562,10.988017819994926
833,1330,1606,590,38510.0,"(560.0, 710.0]",65.27118644067797,1.2075187969924812,10.558699193753036
834,1437,1725,910,46220.0,"(850.0, 1020.0]",50.79120879120879,1.2004175365344467,10.741189519249884
835,1327,1609,1320,41500.0,"(1020.0, 1560.0]",31.439393939393938,1.212509419743783,10.633472802314019
836,1651,2009,1000,58160.0,"(850.0, 1020.0]",58.16,1.2168382798304058,10.970970306007317
837,1211,1462,670,38530.0,"(560.0, 710.0]",57.507462686567166,1.2072667217175888,10.559218391085642
838,1916,2277,610,55880.0,"(560.0, 710.0]",91.60655737704919,1.1884133611691023,10.930979708701113
839,1638,1937,1050,70940.0,"(1020.0, 1560.0]",67.56190476190476,1.1825396825396826,11.16960382464777
840,1172,1413,480,53940.0,"(9.999, 560.0]",112.375,1.2056313993174061,10.895646135639412
841,1350,1606,770,43030.0,"(710.0, 850.0]",55.883116883116884,1.1896296296296296,10.66967606516289
842,1528,1843,340,59820.0,"(9.999, 560.0]",175.94117647058823,1.206151832460733,10.999112048861333
843,1305,1557,580,55500.0,"(560.0, 710.0]",95.6896551724138,1.193103448275862,10.92415631759022
844,1463,1751,900,49990.0,"(850.0, 1020.0]",55.544444444444444,1.1968557758031442,10.819598268208338
845,1409,1727,700,42980.0,"(560.0, 710.0]",61.4,1.2256919801277502,10.668513436561483
846,1419,1743,860,65970.0,"(850.0, 1020.0]",76.70930232558139,1.2283298097251585,11.096970530507365
847,1535,1819,540,59290.0,"(9.999, 560.0]",109.79629629629629,1.1850162866449512,10.990212802809813
848,1474,1745,970,63020.0,"(850.0, 1020.0]",64.96907216494846,1.183853459972863,11.05122328316379
849,919,1099,1560,73810.0,"(1020.0, 1560.0]",47.31410256410256,1.1958650707290532,11.209263050972009
850,2067,2492,790,70230.0,"(710.0, 850.0]",88.89873417721519,1.2056119980648283,11.159545087980925
851,1977,2362,1020,59950.0,"(850.0, 1020.0]",58.77450980392157,1.1947395042994435,11.00128284088368
852,1293,1558,790,78100.0,"(710.0, 850.0]",98.86075949367088,1.2049497293116782,11.265758139843117
853,1477,1790,880,16370.0,"(850.0, 1020.0]",18.602272727272727,1.2119160460392688,9.703266755854342
854,1582,1906,550,92640.0,"(9.999, 560.0]",168.43636363636364,1.2048040455120101,11.436487087221792
855,1481,1789,550,63540.0,"(9.999, 560.0]",115.52727272727273,1.2079675894665767,11.059440645817386
856,1214,1455,950,87220.0,"(850.0, 1020.0]",91.81052631578947,1.198517298187809,11.376200406591293
857,1206,1460,810,41990.0,"(710.0, 850.0]",51.839506172839506,1.2106135986733002,10.645210588588755
858,1653,1982,390,79410.0,"(9.999, 560.0]",203.6153846153846,1.1990320629159104,11.282392176682402
859,1152,1393,860,54380.0,"(850.0, 1020.0]",63.23255813953488,1.2092013888888888,10.90377010713103
860,1458,1757,850,58600.0,"(710.0, 850.0]",68.94117647058823,1.2050754458161865,10.978507040265917
861,1249,1510,660,48950.0,"(560.0, 710.0]",74.16666666666667,1.208967173738991,10.79857507675918
862,1939,2333,830,40670.0,"(710.0, 850.0]",49.0,1.2031975244971636,10.613270586747499
863,1591,1919,640,52340.0,"(560.0, 710.0]",81.78125,1.206159648020113,10.865535281748011
864,1180,1397,750,39140.0,"(710.0, 850.0]",52.18666666666667,1.1838983050847458,10.574925789933857
865,1846,2195,1170,41090.0,"(1020.0, 1560.0]",35.11965811965812,1.1890574214517877,10.623544398402931
866,780,951,790,25600.0,"(710.0, 850.0]",32.40506329113924,1.2192307692307693,10.150386692204734
867,1565,1854,900,100900.0,"(850.0, 1020.0]",112.11111111111111,1.184664536741214,11.521895117095363
868,1648,1959,370,77080.0,"(9.999, 560.0]",208.32432432432432,1.1887135922330097,11.252612095978138
869,1775,2104,980,105150.0,"(850.0, 1020.0]",107.29591836734694,1.1853521126760564,11.563152691309114
870,1439,1732,1170,80580.0,"(1020.0, 1560.0]",68.87179487179488,1.2036136205698402,11.297018168695637
871,1487,1776,800,46230.0,"(710.0, 850.0]",57.7875,1.1943510423671821,10.741405847723883
872,1800,2158,1100,98260.0,"(1020.0, 1560.0]",89.32727272727273,1.198888888888889,11.495382482752067
873,1690,2024,1070,75930.0,"(1020.0, 1560.0]",70.96261682242991,1.1976331360946746,11.237580312145578
874,1209,1452,830,52050.0,"(710.0, 850.0]",62.71084337349398,1.2009925558312655,10.85997928615443
875,1859,2222,1210,87000.0,"(1020.0, 1560.0]",71.90082644628099,1.1952662721893492,11.373674891823535
876,1691,2023,540,60270.0,"(9.999, 560.0]",111.61111111111111,1.196333530455352,11.006606338342099
877,1259,1493,100,88270.0,"(9.999, 560.0]",882.7,1.1858617950754566,11.388166906827415
878,1771,2138,820,57820.0,"(710.0, 850.0]",70.51219512195122,1.207227555053642,10.965107310474394
879,1205,1468,1210,61210.0,"(1020.0, 1560.0]",50.586776859504134,1.2182572614107883,11.022082190911469
880,1792,2131,810,76420.0,"(710.0, 850.0]",94.34567901234568,1.1891741071428572,11.244012806494966
881,1263,1516,780,70980.0,"(710.0, 850.0]",91.0,1.2003167062549485,11.170167514576873
882,1344,1605,1160,76740.0,"(1020.0, 1560.0]",66.15517241379311,1.1941964285714286,11.248191394729853
883,1819,2187,590,47920.0,"(560.0, 710.0]",81.22033898305085,1.2023089609675646,10.777309100685118
884,1357,1625,1140,52160.0,"(1020.0, 1560.0]",45.75438596491228,1.1974944731024317,10.862090368195899
885,1396,1673,690,32740.0,"(560.0, 710.0]",47.44927536231884,1.1984240687679084,10.396383394136135
886,1118,1337,560,72270.0,"(9.999, 560.0]",129.05357142857142,1.1958855098389982,11.188178221181435
887,1655,1986,1150,77430.0,"(1020.0, 1560.0]",67.33043478260869,1.2,11.257142496188242
888,1156,1398,140,92370.0,"(9.999, 560.0]",659.7857142857143,1.2093425605536332,11.43356835555382
889,1451,1734,670,34880.0,"(560.0, 710.0]",52.059701492537314,1.1950379048931772,10.459697547336718
890,1539,1829,650,46580.0,"(560.0, 710.0]",71.66153846153846,1.188434048083171,10.74894801164928
891,1549,1851,1220,70620.0,"(1020.0, 1560.0]",57.885245901639344,1.1949644932214332,11.165082829676656
892,1582,1910,1080,66390.0,"(1020.0, 1560.0]",61.47222222222222,1.2073324905183311,11.10331678410918
893,1387,1663,850,82080.0,"(710.0, 850.0]",96.56470588235294,1.1989906272530642,11.315461843566249
894,1200,1436,1060,76440.0,"(1020.0, 1560.0]",72.11320754716981,1.1966666666666668,11.244274480424577
895,1299,1560,770,96610.0,"(710.0, 850.0]",125.46753246753246,1.2009237875288683,11.478447885353338
896,1174,1429,1110,54340.0,"(1020.0, 1560.0]",48.95495495495496,1.217206132879046,10.903034285460993
